[{
    "type": "mage",
    "hero": "黑暗之女",
    "heroLogo": "https://game.gtimg.cn/images/lol/act/img/champion/Annie.png",
    "href": "/data/info-defail.shtml?id=1"
}, {
    "type": "fighter,tank",
    "hero": "狂战士",
    "heroLogo": "https://game.gtimg.cn/images/lol/act/img/champion/Olaf.png",
    "href": "/data/info-defail.shtml?id=2"
}, {
    "type": "tank,mage",
    "hero": "正义巨像",
    "heroLogo": "https://game.gtimg.cn/images/lol/act/img/champion/Galio.png",
    "href": "/data/info-defail.shtml?id=3"
}, {
    "type": "mage",
    "hero": "卡牌大师",
    "heroLogo": "https://game.gtimg.cn/images/lol/act/img/champion/TwistedFate.png",
    "href": "/data/info-defail.shtml?id=4"
}, {
    "type": "fighter,assassin",
    "hero": "德邦总管",
    "heroLogo": "https://game.gtimg.cn/images/lol/act/img/champion/XinZhao.png",
    "href": "/data/info-defail.shtml?id=5"
}, {
    "type": "fighter,tank",
    "hero": "无畏战车",
    "heroLogo": "https://game.gtimg.cn/images/lol/act/img/champion/Urgot.png",
    "href": "/data/info-defail.shtml?id=6"
}, {
    "type": "assassin,mage",
    "hero": "诡术妖姬",
    "heroLogo": "https://game.gtimg.cn/images/lol/act/img/champion/Leblanc.png",
    "href": "/data/info-defail.shtml?id=7"
}, {
    "type": "mage",
    "hero": "猩红收割者",
    "heroLogo": "https://game.gtimg.cn/images/lol/act/img/champion/Vladimir.png",
    "href": "/data/info-defail.shtml?id=8"
}, {
    "type": "mage,support",
    "hero": "远古恐惧",
    "heroLogo": "https://game.gtimg.cn/images/lol/act/img/champion/FiddleSticks.png",
    "href": "/data/info-defail.shtml?id=9"
}, {
    "type": "fighter,support",
    "hero": "正义天使",
    "heroLogo": "https://game.gtimg.cn/images/lol/act/img/champion/Kayle.png",
    "href": "/data/info-defail.shtml?id=10"
}, {
    "type": "assassin,fighter",
    "hero": "无极剑圣",
    "heroLogo": "https://game.gtimg.cn/images/lol/act/img/champion/MasterYi.png",
    "href": "/data/info-defail.shtml?id=11"
}, {
    "type": "tank,support",
    "hero": "牛头酋长",
    "heroLogo": "https://game.gtimg.cn/images/lol/act/img/champion/Alistar.png",
    "href": "/data/info-defail.shtml?id=12"
}, {
    "type": "mage,fighter",
    "hero": "符文法师",
    "heroLogo": "https://game.gtimg.cn/images/lol/act/img/champion/Ryze.png",
    "href": "/data/info-defail.shtml?id=13"
}, {
    "type": "tank,fighter",
    "hero": "亡灵战神",
    "heroLogo": "https://game.gtimg.cn/images/lol/act/img/champion/Sion.png",
    "href": "/data/info-defail.shtml?id=14"
}, {
    "type": "marksman",
    "hero": "战争女神",
    "heroLogo": "https://game.gtimg.cn/images/lol/act/img/champion/Sivir.png",
    "href": "/data/info-defail.shtml?id=15"
}, {
    "type": "support,mage",
    "hero": "众星之子",
    "heroLogo": "https://game.gtimg.cn/images/lol/act/img/champion/Soraka.png",
    "href": "/data/info-defail.shtml?id=16"
}, {
    "type": "marksman,assassin",
    "hero": "迅捷斥候",
    "heroLogo": "https://game.gtimg.cn/images/lol/act/img/champion/Teemo.png",
    "href": "/data/info-defail.shtml?id=17"
}, {
    "type": "marksman,assassin",
    "hero": "麦林炮手",
    "heroLogo": "https://game.gtimg.cn/images/lol/act/img/champion/Tristana.png",
    "href": "/data/info-defail.shtml?id=18"
}, {
    "type": "fighter,tank",
    "hero": "祖安怒兽",
    "heroLogo": "https://game.gtimg.cn/images/lol/act/img/champion/Warwick.png",
    "href": "/data/info-defail.shtml?id=19"
}, {
    "type": "tank,fighter",
    "hero": "雪原双子",
    "heroLogo": "https://game.gtimg.cn/images/lol/act/img/champion/Nunu.png",
    "href": "/data/info-defail.shtml?id=20"
}, {
    "type": "marksman",
    "hero": "赏金猎人",
    "heroLogo": "https://game.gtimg.cn/images/lol/act/img/champion/MissFortune.png",
    "href": "/data/info-defail.shtml?id=21"
}, {
    "type": "marksman,support",
    "hero": "寒冰射手",
    "heroLogo": "https://game.gtimg.cn/images/lol/act/img/champion/Ashe.png",
    "href": "/data/info-defail.shtml?id=22"
}, {
    "type": "fighter,assassin",
    "hero": "蛮族之王",
    "heroLogo": "https://game.gtimg.cn/images/lol/act/img/champion/Tryndamere.png",
    "href": "/data/info-defail.shtml?id=23"
}, {
    "type": "fighter,assassin",
    "hero": "武器大师",
    "heroLogo": "https://game.gtimg.cn/images/lol/act/img/champion/Jax.png",
    "href": "/data/info-defail.shtml?id=24"
}, {
    "type": "mage,support",
    "hero": "堕落天使",
    "heroLogo": "https://game.gtimg.cn/images/lol/act/img/champion/Morgana.png",
    "href": "/data/info-defail.shtml?id=25"
}, {
    "type": "support,mage",
    "hero": "时光守护者",
    "heroLogo": "https://game.gtimg.cn/images/lol/act/img/champion/Zilean.png",
    "href": "/data/info-defail.shtml?id=26"
}, {
    "type": "tank,fighter",
    "hero": "炼金术士",
    "heroLogo": "https://game.gtimg.cn/images/lol/act/img/champion/Singed.png",
    "href": "/data/info-defail.shtml?id=27"
}, {
    "type": "assassin,mage",
    "hero": "痛苦之拥",
    "heroLogo": "https://game.gtimg.cn/images/lol/act/img/champion/Evelynn.png",
    "href": "/data/info-defail.shtml?id=28"
}, {
    "type": "marksman,assassin",
    "hero": "瘟疫之源",
    "heroLogo": "https://game.gtimg.cn/images/lol/act/img/champion/Twitch.png",
    "href": "/data/info-defail.shtml?id=29"
}, {
    "type": "mage",
    "hero": "死亡颂唱者",
    "heroLogo": "https://game.gtimg.cn/images/lol/act/img/champion/Karthus.png",
    "href": "/data/info-defail.shtml?id=30"
}, {
    "type": "tank,mage",
    "hero": "虚空恐惧",
    "heroLogo": "https://game.gtimg.cn/images/lol/act/img/champion/Chogath.png",
    "href": "/data/info-defail.shtml?id=31"
}, {
    "type": "tank,mage",
    "hero": "殇之木乃伊",
    "heroLogo": "https://game.gtimg.cn/images/lol/act/img/champion/Amumu.png",
    "href": "/data/info-defail.shtml?id=32"
}, {
    "type": "tank,fighter",
    "hero": "披甲龙龟",
    "heroLogo": "https://game.gtimg.cn/images/lol/act/img/champion/Rammus.png",
    "href": "/data/info-defail.shtml?id=33"
}, {
    "type": "mage,support",
    "hero": "冰晶凤凰",
    "heroLogo": "https://game.gtimg.cn/images/lol/act/img/champion/Anivia.png",
    "href": "/data/info-defail.shtml?id=34"
}, {
    "type": "assassin",
    "hero": "恶魔小丑",
    "heroLogo": "https://game.gtimg.cn/images/lol/act/img/champion/Shaco.png",
    "href": "/data/info-defail.shtml?id=35"
}, {
    "type": "fighter,tank",
    "hero": "祖安狂人",
    "heroLogo": "https://game.gtimg.cn/images/lol/act/img/champion/DrMundo.png",
    "href": "/data/info-defail.shtml?id=36"
}, {
    "type": "support,mage",
    "hero": "琴瑟仙女",
    "heroLogo": "https://game.gtimg.cn/images/lol/act/img/champion/Sona.png",
    "href": "/data/info-defail.shtml?id=37"
}, {
    "type": "assassin,mage",
    "hero": "虚空行者",
    "heroLogo": "https://game.gtimg.cn/images/lol/act/img/champion/Kassadin.png",
    "href": "/data/info-defail.shtml?id=38"
}, {
    "type": "fighter,assassin",
    "hero": "刀锋舞者",
    "heroLogo": "https://game.gtimg.cn/images/lol/act/img/champion/Irelia.png",
    "href": "/data/info-defail.shtml?id=39"
}, {
    "type": "support,mage",
    "hero": "风暴之怒",
    "heroLogo": "https://game.gtimg.cn/images/lol/act/img/champion/Janna.png",
    "href": "/data/info-defail.shtml?id=40"
}, {
    "type": "fighter",
    "hero": "海洋之灾",
    "heroLogo": "https://game.gtimg.cn/images/lol/act/img/champion/Gangplank.png",
    "href": "/data/info-defail.shtml?id=41"
}, {
    "type": "marksman",
    "hero": "英勇投弹手",
    "heroLogo": "https://game.gtimg.cn/images/lol/act/img/champion/Corki.png",
    "href": "/data/info-defail.shtml?id=42"
}, {
    "type": "mage,support",
    "hero": "天启者",
    "heroLogo": "https://game.gtimg.cn/images/lol/act/img/champion/Karma.png",
    "href": "/data/info-defail.shtml?id=43"
}, {
    "type": "support,fighter",
    "hero": "瓦洛兰之盾",
    "heroLogo": "https://game.gtimg.cn/images/lol/act/img/champion/Taric.png",
    "href": "/data/info-defail.shtml?id=44"
}, {
    "type": "mage",
    "hero": "邪恶小法师",
    "heroLogo": "https://game.gtimg.cn/images/lol/act/img/champion/Veigar.png",
    "href": "/data/info-defail.shtml?id=45"
}, {
    "type": "fighter,tank",
    "hero": "巨魔之王",
    "heroLogo": "https://game.gtimg.cn/images/lol/act/img/champion/Trundle.png",
    "href": "/data/info-defail.shtml?id=48"
}, {
    "type": "mage,fighter",
    "hero": "诺克萨斯统领",
    "heroLogo": "https://game.gtimg.cn/images/lol/act/img/champion/Swain.png",
    "href": "/data/info-defail.shtml?id=50"
}, {
    "type": "marksman",
    "hero": "皮城女警",
    "heroLogo": "https://game.gtimg.cn/images/lol/act/img/champion/Caitlyn.png",
    "href": "/data/info-defail.shtml?id=51"
}, {
    "type": "tank,fighter,support",
    "hero": "蒸汽机器人",
    "heroLogo": "https://game.gtimg.cn/images/lol/act/img/champion/Blitzcrank.png",
    "href": "/data/info-defail.shtml?id=53"
}, {
    "type": "tank,fighter",
    "hero": "熔岩巨兽",
    "heroLogo": "https://game.gtimg.cn/images/lol/act/img/champion/Malphite.png",
    "href": "/data/info-defail.shtml?id=54"
}, {
    "type": "assassin,mage",
    "hero": "不祥之刃",
    "heroLogo": "https://game.gtimg.cn/images/lol/act/img/champion/Katarina.png",
    "href": "/data/info-defail.shtml?id=55"
}, {
    "type": "assassin,fighter",
    "hero": "永恒梦魇",
    "heroLogo": "https://game.gtimg.cn/images/lol/act/img/champion/Nocturne.png",
    "href": "/data/info-defail.shtml?id=56"
}, {
    "type": "tank,mage",
    "hero": "扭曲树精",
    "heroLogo": "https://game.gtimg.cn/images/lol/act/img/champion/Maokai.png",
    "href": "/data/info-defail.shtml?id=57"
}, {
    "type": "fighter,tank",
    "hero": "荒漠屠夫",
    "heroLogo": "https://game.gtimg.cn/images/lol/act/img/champion/Renekton.png",
    "href": "/data/info-defail.shtml?id=58"
}, {
    "type": "tank,fighter",
    "hero": "德玛西亚皇子",
    "heroLogo": "https://game.gtimg.cn/images/lol/act/img/champion/JarvanIV.png",
    "href": "/data/info-defail.shtml?id=59"
}, {
    "type": "mage,fighter",
    "hero": "蜘蛛女皇",
    "heroLogo": "https://game.gtimg.cn/images/lol/act/img/champion/Elise.png",
    "href": "/data/info-defail.shtml?id=60"
}, {
    "type": "mage,support",
    "hero": "发条魔灵",
    "heroLogo": "https://game.gtimg.cn/images/lol/act/img/champion/Orianna.png",
    "href": "/data/info-defail.shtml?id=61"
}, {
    "type": "fighter,tank",
    "hero": "齐天大圣",
    "heroLogo": "https://game.gtimg.cn/images/lol/act/img/champion/MonkeyKing.png",
    "href": "/data/info-defail.shtml?id=62"
}, {
    "type": "mage",
    "hero": "复仇焰魂",
    "heroLogo": "https://game.gtimg.cn/images/lol/act/img/champion/Brand.png",
    "href": "/data/info-defail.shtml?id=63"
}, {
    "type": "fighter,assassin",
    "hero": "盲僧",
    "heroLogo": "https://game.gtimg.cn/images/lol/act/img/champion/LeeSin.png",
    "href": "/data/info-defail.shtml?id=64"
}, {
    "type": "marksman,assassin",
    "hero": "暗夜猎手",
    "heroLogo": "https://game.gtimg.cn/images/lol/act/img/champion/Vayne.png",
    "href": "/data/info-defail.shtml?id=67"
}, {
    "type": "fighter,mage",
    "hero": "机械公敌",
    "heroLogo": "https://game.gtimg.cn/images/lol/act/img/champion/Rumble.png",
    "href": "/data/info-defail.shtml?id=68"
}, {
    "type": "mage",
    "hero": "魔蛇之拥",
    "heroLogo": "https://game.gtimg.cn/images/lol/act/img/champion/Cassiopeia.png",
    "href": "/data/info-defail.shtml?id=69"
}, {
    "type": "fighter,tank",
    "hero": "水晶先锋",
    "heroLogo": "https://game.gtimg.cn/images/lol/act/img/champion/Skarner.png",
    "href": "/data/info-defail.shtml?id=72"
}, {
    "type": "mage,support",
    "hero": "大发明家",
    "heroLogo": "https://game.gtimg.cn/images/lol/act/img/champion/Heimerdinger.png",
    "href": "/data/info-defail.shtml?id=74"
}, {
    "type": "fighter,tank",
    "hero": "沙漠死神",
    "heroLogo": "https://game.gtimg.cn/images/lol/act/img/champion/Nasus.png",
    "href": "/data/info-defail.shtml?id=75"
}, {
    "type": "assassin,mage",
    "hero": "狂野女猎手",
    "heroLogo": "https://game.gtimg.cn/images/lol/act/img/champion/Nidalee.png",
    "href": "/data/info-defail.shtml?id=76"
}, {
    "type": "fighter,tank",
    "hero": "兽灵行者",
    "heroLogo": "https://game.gtimg.cn/images/lol/act/img/champion/Udyr.png",
    "href": "/data/info-defail.shtml?id=77"
}, {
    "type": "tank,fighter",
    "hero": "圣锤之毅",
    "heroLogo": "https://game.gtimg.cn/images/lol/act/img/champion/Poppy.png",
    "href": "/data/info-defail.shtml?id=78"
}, {
    "type": "fighter,mage",
    "hero": "酒桶",
    "heroLogo": "https://game.gtimg.cn/images/lol/act/img/champion/Gragas.png",
    "href": "/data/info-defail.shtml?id=79"
}, {
    "type": "fighter,assassin",
    "hero": "不屈之枪",
    "heroLogo": "https://game.gtimg.cn/images/lol/act/img/champion/Pantheon.png",
    "href": "/data/info-defail.shtml?id=80"
}, {
    "type": "marksman,mage",
    "hero": "探险家",
    "heroLogo": "https://game.gtimg.cn/images/lol/act/img/champion/Ezreal.png",
    "href": "/data/info-defail.shtml?id=81"
}, {
    "type": "fighter",
    "hero": "铁铠冥魂",
    "heroLogo": "https://game.gtimg.cn/images/lol/act/img/champion/Mordekaiser.png",
    "href": "/data/info-defail.shtml?id=82"
}, {
    "type": "fighter,tank",
    "hero": "牧魂人",
    "heroLogo": "https://game.gtimg.cn/images/lol/act/img/champion/Yorick.png",
    "href": "/data/info-defail.shtml?id=83"
}, {
    "type": "assassin",
    "hero": "离群之刺",
    "heroLogo": "https://game.gtimg.cn/images/lol/act/img/champion/Akali.png",
    "href": "/data/info-defail.shtml?id=84"
}, {
    "type": "mage,marksman",
    "hero": "狂暴之心",
    "heroLogo": "https://game.gtimg.cn/images/lol/act/img/champion/Kennen.png",
    "href": "/data/info-defail.shtml?id=85"
}, {
    "type": "fighter,tank",
    "hero": "德玛西亚之力",
    "heroLogo": "https://game.gtimg.cn/images/lol/act/img/champion/Garen.png",
    "href": "/data/info-defail.shtml?id=86"
}, {
    "type": "tank,support",
    "hero": "曙光女神",
    "heroLogo": "https://game.gtimg.cn/images/lol/act/img/champion/Leona.png",
    "href": "/data/info-defail.shtml?id=89"
}, {
    "type": "mage,assassin",
    "hero": "虚空先知",
    "heroLogo": "https://game.gtimg.cn/images/lol/act/img/champion/Malzahar.png",
    "href": "/data/info-defail.shtml?id=90"
}, {
    "type": "assassin",
    "hero": "刀锋之影",
    "heroLogo": "https://game.gtimg.cn/images/lol/act/img/champion/Talon.png",
    "href": "/data/info-defail.shtml?id=91"
}, {
    "type": "fighter,assassin",
    "hero": "放逐之刃",
    "heroLogo": "https://game.gtimg.cn/images/lol/act/img/champion/Riven.png",
    "href": "/data/info-defail.shtml?id=92"
}, {
    "type": "marksman,mage",
    "hero": "深渊巨口",
    "heroLogo": "https://game.gtimg.cn/images/lol/act/img/champion/KogMaw.png",
    "href": "/data/info-defail.shtml?id=96"
}, {
    "type": "tank",
    "hero": "暮光之眼",
    "heroLogo": "https://game.gtimg.cn/images/lol/act/img/champion/Shen.png",
    "href": "/data/info-defail.shtml?id=98"
}, {
    "type": "mage,support",
    "hero": "光辉女郎",
    "heroLogo": "https://game.gtimg.cn/images/lol/act/img/champion/Lux.png",
    "href": "/data/info-defail.shtml?id=99"
}, {
    "type": "mage",
    "hero": "远古巫灵",
    "heroLogo": "https://game.gtimg.cn/images/lol/act/img/champion/Xerath.png",
    "href": "/data/info-defail.shtml?id=101"
}, {
    "type": "fighter,tank",
    "hero": "龙血武姬",
    "heroLogo": "https://game.gtimg.cn/images/lol/act/img/champion/Shyvana.png",
    "href": "/data/info-defail.shtml?id=102"
}, {
    "type": "mage,assassin",
    "hero": "九尾妖狐",
    "heroLogo": "https://game.gtimg.cn/images/lol/act/img/champion/Ahri.png",
    "href": "/data/info-defail.shtml?id=103"
}, {
    "type": "marksman",
    "hero": "法外狂徒",
    "heroLogo": "https://game.gtimg.cn/images/lol/act/img/champion/Graves.png",
    "href": "/data/info-defail.shtml?id=104"
}, {
    "type": "assassin,fighter",
    "hero": "潮汐海灵",
    "heroLogo": "https://game.gtimg.cn/images/lol/act/img/champion/Fizz.png",
    "href": "/data/info-defail.shtml?id=105"
}, {
    "type": "fighter,tank",
    "hero": "不灭狂雷",
    "heroLogo": "https://game.gtimg.cn/images/lol/act/img/champion/Volibear.png",
    "href": "/data/info-defail.shtml?id=106"
}, {
    "type": "assassin,fighter",
    "hero": "傲之追猎者",
    "heroLogo": "https://game.gtimg.cn/images/lol/act/img/champion/Rengar.png",
    "href": "/data/info-defail.shtml?id=107"
}, {
    "type": "marksman,mage",
    "hero": "惩戒之箭",
    "heroLogo": "https://game.gtimg.cn/images/lol/act/img/champion/Varus.png",
    "href": "/data/info-defail.shtml?id=110"
}, {
    "type": "tank,fighter",
    "hero": "深海泰坦",
    "heroLogo": "https://game.gtimg.cn/images/lol/act/img/champion/Nautilus.png",
    "href": "/data/info-defail.shtml?id=111"
}, {
    "type": "mage",
    "hero": "机械先驱",
    "heroLogo": "https://game.gtimg.cn/images/lol/act/img/champion/Viktor.png",
    "href": "/data/info-defail.shtml?id=112"
}, {
    "type": "tank,fighter",
    "hero": "北地之怒",
    "heroLogo": "https://game.gtimg.cn/images/lol/act/img/champion/Sejuani.png",
    "href": "/data/info-defail.shtml?id=113"
}, {
    "type": "fighter,assassin",
    "hero": "无双剑姬",
    "heroLogo": "https://game.gtimg.cn/images/lol/act/img/champion/Fiora.png",
    "href": "/data/info-defail.shtml?id=114"
}, {
    "type": "mage",
    "hero": "爆破鬼才",
    "heroLogo": "https://game.gtimg.cn/images/lol/act/img/champion/Ziggs.png",
    "href": "/data/info-defail.shtml?id=115"
}, {
    "type": "support,mage",
    "hero": "仙灵女巫",
    "heroLogo": "https://game.gtimg.cn/images/lol/act/img/champion/Lulu.png",
    "href": "/data/info-defail.shtml?id=117"
}, {
    "type": "marksman",
    "hero": "荣耀行刑官",
    "heroLogo": "https://game.gtimg.cn/images/lol/act/img/champion/Draven.png",
    "href": "/data/info-defail.shtml?id=119"
}, {
    "type": "fighter,tank",
    "hero": "战争之影",
    "heroLogo": "https://game.gtimg.cn/images/lol/act/img/champion/Hecarim.png",
    "href": "/data/info-defail.shtml?id=120"
}, {
    "type": "assassin",
    "hero": "虚空掠夺者",
    "heroLogo": "https://game.gtimg.cn/images/lol/act/img/champion/Khazix.png",
    "href": "/data/info-defail.shtml?id=121"
}, {
    "type": "fighter,tank",
    "hero": "诺克萨斯之手",
    "heroLogo": "https://game.gtimg.cn/images/lol/act/img/champion/Darius.png",
    "href": "/data/info-defail.shtml?id=122"
}, {
    "type": "fighter,marksman",
    "hero": "未来守护者",
    "heroLogo": "https://game.gtimg.cn/images/lol/act/img/champion/Jayce.png",
    "href": "/data/info-defail.shtml?id=126"
}, {
    "type": "mage",
    "hero": "冰霜女巫",
    "heroLogo": "https://game.gtimg.cn/images/lol/act/img/champion/Lissandra.png",
    "href": "/data/info-defail.shtml?id=127"
}, {
    "type": "fighter,mage",
    "hero": "皎月女神",
    "heroLogo": "https://game.gtimg.cn/images/lol/act/img/champion/Diana.png",
    "href": "/data/info-defail.shtml?id=131"
}, {
    "type": "marksman,assassin",
    "hero": "德玛西亚之翼",
    "heroLogo": "https://game.gtimg.cn/images/lol/act/img/champion/Quinn.png",
    "href": "/data/info-defail.shtml?id=133"
}, {
    "type": "mage,support",
    "hero": "暗黑元首",
    "heroLogo": "https://game.gtimg.cn/images/lol/act/img/champion/Syndra.png",
    "href": "/data/info-defail.shtml?id=134"
}, {
    "type": "mage",
    "hero": "铸星龙王",
    "heroLogo": "https://game.gtimg.cn/images/lol/act/img/champion/AurelionSol.png",
    "href": "/data/info-defail.shtml?id=136"
}, {
    "type": "fighter,assassin",
    "hero": "影流之镰",
    "heroLogo": "https://game.gtimg.cn/images/lol/act/img/champion/Kayn.png",
    "href": "/data/info-defail.shtml?id=141"
}, {
    "type": "mage,support",
    "hero": "暮光星灵",
    "heroLogo": "https://game.gtimg.cn/images/lol/act/img/champion/Zoe.png",
    "href": "/data/info-defail.shtml?id=142"
}, {
    "type": "mage,support",
    "hero": "荆棘之兴",
    "heroLogo": "https://game.gtimg.cn/images/lol/act/img/champion/Zyra.png",
    "href": "/data/info-defail.shtml?id=143"
}, {
    "type": "marksman",
    "hero": "虚空之女",
    "heroLogo": "https://game.gtimg.cn/images/lol/act/img/champion/Kaisa.png",
    "href": "/data/info-defail.shtml?id=145"
}, {
    "type": "mage,support",
    "hero": "星籁歌姬",
    "heroLogo": "https://game.gtimg.cn/images/lol/act/img/champion/Seraphine.png",
    "href": "/data/info-defail.shtml?id=147"
}, {
    "type": "fighter,tank",
    "hero": "迷失之牙",
    "heroLogo": "https://game.gtimg.cn/images/lol/act/img/champion/Gnar.png",
    "href": "/data/info-defail.shtml?id=150"
}, {
    "type": "tank,fighter",
    "hero": "生化魔人",
    "heroLogo": "https://game.gtimg.cn/images/lol/act/img/champion/Zac.png",
    "href": "/data/info-defail.shtml?id=154"
}, {
    "type": "fighter,assassin",
    "hero": "疾风剑豪",
    "heroLogo": "https://game.gtimg.cn/images/lol/act/img/champion/Yasuo.png",
    "href": "/data/info-defail.shtml?id=157"
}, {
    "type": "mage",
    "hero": "虚空之眼",
    "heroLogo": "https://game.gtimg.cn/images/lol/act/img/champion/Velkoz.png",
    "href": "/data/info-defail.shtml?id=161"
}, {
    "type": "mage,support",
    "hero": "岩雀",
    "heroLogo": "https://game.gtimg.cn/images/lol/act/img/champion/Taliyah.png",
    "href": "/data/info-defail.shtml?id=163"
}, {
    "type": "fighter,tank",
    "hero": "青钢影",
    "heroLogo": "https://game.gtimg.cn/images/lol/act/img/champion/Camille.png",
    "href": "/data/info-defail.shtml?id=164"
}, {
    "type": "support,tank",
    "hero": "弗雷尔卓德之心",
    "heroLogo": "https://game.gtimg.cn/images/lol/act/img/champion/Braum.png",
    "href": "/data/info-defail.shtml?id=201"
}, {
    "type": "marksman,mage",
    "hero": "戏命师",
    "heroLogo": "https://game.gtimg.cn/images/lol/act/img/champion/Jhin.png",
    "href": "/data/info-defail.shtml?id=202"
}, {
    "type": "marksman",
    "hero": "永猎双子",
    "heroLogo": "https://game.gtimg.cn/images/lol/act/img/champion/Kindred.png",
    "href": "/data/info-defail.shtml?id=203"
}, {
    "type": "marksman",
    "hero": "暴走萝莉",
    "heroLogo": "https://game.gtimg.cn/images/lol/act/img/champion/Jinx.png",
    "href": "/data/info-defail.shtml?id=222"
}, {
    "type": "support,tank",
    "hero": "河流之王",
    "heroLogo": "https://game.gtimg.cn/images/lol/act/img/champion/TahmKench.png",
    "href": "/data/info-defail.shtml?id=223"
}, {
    "type": "assassin,fighter",
    "hero": "破败之王",
    "heroLogo": "https://game.gtimg.cn/images/lol/act/img/champion/Viego.png",
    "href": "/data/info-defail.shtml?id=234"
}, {
    "type": "marksman,support",
    "hero": "涤魂圣枪",
    "heroLogo": "https://game.gtimg.cn/images/lol/act/img/champion/Senna.png",
    "href": "/data/info-defail.shtml?id=235"
}, {
    "type": "marksman",
    "hero": "圣枪游侠",
    "heroLogo": "https://game.gtimg.cn/images/lol/act/img/champion/Lucian.png",
    "href": "/data/info-defail.shtml?id=236"
}, {
    "type": "assassin",
    "hero": "影流之主",
    "heroLogo": "https://game.gtimg.cn/images/lol/act/img/champion/Zed.png",
    "href": "/data/info-defail.shtml?id=238"
}, {
    "type": "fighter,tank",
    "hero": "暴怒骑士",
    "heroLogo": "https://game.gtimg.cn/images/lol/act/img/champion/Kled.png",
    "href": "/data/info-defail.shtml?id=240"
}, {
    "type": "assassin,fighter",
    "hero": "时间刺客",
    "heroLogo": "https://game.gtimg.cn/images/lol/act/img/champion/Ekko.png",
    "href": "/data/info-defail.shtml?id=245"
}, {
    "type": "assassin,fighter",
    "hero": "元素女皇",
    "heroLogo": "https://game.gtimg.cn/images/lol/act/img/champion/Qiyana.png",
    "href": "/data/info-defail.shtml?id=246"
}, {
    "type": "fighter,assassin",
    "hero": "皮城执法官",
    "heroLogo": "https://game.gtimg.cn/images/lol/act/img/champion/Vi.png",
    "href": "/data/info-defail.shtml?id=254"
}, {
    "type": "fighter,tank",
    "hero": "暗裔剑魔",
    "heroLogo": "https://game.gtimg.cn/images/lol/act/img/champion/Aatrox.png",
    "href": "/data/info-defail.shtml?id=266"
}, {
    "type": "support,mage",
    "hero": "唤潮鲛姬",
    "heroLogo": "https://game.gtimg.cn/images/lol/act/img/champion/Nami.png",
    "href": "/data/info-defail.shtml?id=267"
}, {
    "type": "mage,marksman",
    "hero": "沙漠皇帝",
    "heroLogo": "https://game.gtimg.cn/images/lol/act/img/champion/Azir.png",
    "href": "/data/info-defail.shtml?id=268"
}, {
    "type": "support,mage",
    "hero": "魔法猫咪",
    "heroLogo": "https://game.gtimg.cn/images/lol/act/img/champion/Yuumi.png",
    "href": "/data/info-defail.shtml?id=350"
}, {
    "type": "marksman",
    "hero": "沙漠玫瑰",
    "heroLogo": "https://game.gtimg.cn/images/lol/act/img/champion/Samira.png",
    "href": "/data/info-defail.shtml?id=360"
}, {
    "type": "support,fighter",
    "hero": "魂锁典狱长",
    "heroLogo": "https://game.gtimg.cn/images/lol/act/img/champion/Thresh.png",
    "href": "/data/info-defail.shtml?id=412"
}, {
    "type": "fighter,tank",
    "hero": "海兽祭司",
    "heroLogo": "https://game.gtimg.cn/images/lol/act/img/champion/Illaoi.png",
    "href": "/data/info-defail.shtml?id=420"
}, {
    "type": "fighter",
    "hero": "虚空遁地兽",
    "heroLogo": "https://game.gtimg.cn/images/lol/act/img/champion/RekSai.png",
    "href": "/data/info-defail.shtml?id=421"
}, {
    "type": "support,mage",
    "hero": "翠神",
    "heroLogo": "https://game.gtimg.cn/images/lol/act/img/champion/Ivern.png",
    "href": "/data/info-defail.shtml?id=427"
}, {
    "type": "marksman",
    "hero": "复仇之矛",
    "heroLogo": "https://game.gtimg.cn/images/lol/act/img/champion/Kalista.png",
    "href": "/data/info-defail.shtml?id=429"
}, {
    "type": "support,mage",
    "hero": "星界游神",
    "heroLogo": "https://game.gtimg.cn/images/lol/act/img/champion/Bard.png",
    "href": "/data/info-defail.shtml?id=432"
}, {
    "type": "support",
    "hero": "幻翎",
    "heroLogo": "https://game.gtimg.cn/images/lol/act/img/champion/Rakan.png",
    "href": "/data/info-defail.shtml?id=497"
}, {
    "type": "marksman",
    "hero": "逆羽",
    "heroLogo": "https://game.gtimg.cn/images/lol/act/img/champion/Xayah.png",
    "href": "/data/info-defail.shtml?id=498"
}, {
    "type": "tank,fighter",
    "hero": "山隐之焰",
    "heroLogo": "https://game.gtimg.cn/images/lol/act/img/champion/Ornn.png",
    "href": "/data/info-defail.shtml?id=516"
}, {
    "type": "mage,assassin",
    "hero": "解脱者",
    "heroLogo": "https://game.gtimg.cn/images/lol/act/img/champion/Sylas.png",
    "href": "/data/info-defail.shtml?id=517"
}, {
    "type": "mage,support",
    "hero": "万花通灵",
    "heroLogo": "https://game.gtimg.cn/images/lol/act/img/champion/Neeko.png",
    "href": "/data/info-defail.shtml?id=518"
}, {
    "type": "marksman",
    "hero": "残月之肃",
    "heroLogo": "https://game.gtimg.cn/images/lol/act/img/champion/Aphelios.png",
    "href": "/data/info-defail.shtml?id=523"
}, {
    "type": "tank,support",
    "hero": "镕铁少女",
    "heroLogo": "https://game.gtimg.cn/images/lol/act/img/champion/Rell.png",
    "href": "/data/info-defail.shtml?id=526"
}, {
    "type": "support,assassin",
    "hero": "血港鬼影",
    "heroLogo": "https://game.gtimg.cn/images/lol/act/img/champion/Pyke.png",
    "href": "/data/info-defail.shtml?id=555"
}, {
    "type": "assassin,fighter",
    "hero": "封魔剑魂",
    "heroLogo": "https://game.gtimg.cn/images/lol/act/img/champion/Yone.png",
    "href": "/data/info-defail.shtml?id=777"
}, {
    "type": "fighter,tank",
    "hero": "腕豪",
    "heroLogo": "https://game.gtimg.cn/images/lol/act/img/champion/Sett.png",
    "href": "/data/info-defail.shtml?id=875"
}, {
    "type": "fighter,mage",
    "hero": "含羞蓓蕾",
    "heroLogo": "https://game.gtimg.cn/images/lol/act/img/champion/Lillia.png",
    "href": "/data/info-defail.shtml?id=876"
}]