[{
    "name": "周一",
    "data": [{
        "id": "14058807076289388337",
        "pic": "https://shp.qpic.cn/cfwebcap/0/f1af1518b590f1aa9014466a2d235ae8/0?width=273&amp;height=375",
        "title": "小鱼Top5",
        "description": "汇集英雄联盟最顶级精彩操作视频。",
        "updateTime": "2021-01-22更新",
        "authorPic": "https://shp.qpic.cn/cfwebcap/0/bd51826bf4e586ce8ffceeec016c88ca/0?width=1085&amp;height=1085",
        "author": "LOL解说小鱼"
    }, {
        "id": "5894959424174985552",
        "pic": "https://shp.qpic.cn/cfwebcap/0/44b9f12fc02f30077687efebf64d9d4d/0?width=273&amp;height=375",
        "title": "联盟囧事",
        "description": "联盟囧事为您展示游戏中的逗B操作/坑爹队友的花式神操作，一分钟小视频带你笑不停！悄悄告诉您【这是一档每日搞笑的节目】",
        "updateTime": "2019-12-19更新",
        "authorPic": "",
        "author": "帅气猫出品"
    }, {
        "id": "10089393554941903577",
        "pic": "https://shp.qpic.cn/cfwebcap/0/6ec472a885e7f94d21bb859b7f8a83f5/0?width=273&amp;height=375",
        "title": "鹌鹑云顶锦囊",
        "description": "7连鸡，吃鸡霸主，云顶吃鸡小王子的吃鸡秘诀，斗帝流、盾法流、东北大乱盾创造者",
        "updateTime": "2020-06-09更新",
        "authorPic": "https://inews.gtimg.com/newsapp_ls/0/1896774783_200200/0",
        "author": "东北大鹌鹑"
    }, {
        "id": "621871531268791974",
        "pic": "https://shp.qpic.cn/cfwebcap/0/0385ff88296f2f4e2175392f907746a1/0?width=273&amp;height=375",
        "title": "主播日报",
        "description": "主播每日搞笑镜头集锦。",
        "updateTime": "2020-05-12更新",
        "authorPic": "https://shp.qpic.cn/cfwebcap/0/0f5da8363f1f148245274a76d81259fa/0?width=200&amp;height=200",
        "author": "兔玩LOL"
    }, {
        "id": "511125119893471893",
        "pic": "https://shp.qpic.cn/cfwebcap/0/da170002f83e4c476e75e14cea1eca77/0?width=269&amp;height=370",
        "title": "巅峰top5",
        "description": "巅峰top5是一档精彩英雄联盟赛事集锦节目，为广大玩家带来每日LPL比赛精彩镜头",
        "updateTime": "2020-09-18更新",
        "authorPic": "https://inews.gtimg.com/newsapp_ls/0/1316847452_200200/0",
        "author": "飞熊TV英雄联盟"
    }]
}, {
    "name": "周二",
    "data": [{
        "id": "11270104780118120420",
        "pic": "https://shp.qpic.cn/cfwebcap/0/f683a4877c38199e8196a07f01aadd2b/0?width=273&amp;height=375",
        "title": "神超不做人",
        "description": "分享“国服第一鳄鱼”主播神超最“不做人”的游戏操作",
        "updateTime": "2019-10-23更新",
        "authorPic": "https://inews.gtimg.com/newsapp_ls/0/6782167247_200200/0",
        "author": "神超GoDlike"
    }, {
        "id": "15297615724921648498",
        "pic": "https://shp.qpic.cn/cfwebcap/0/305af37f4c3cc2a17720c70e457bec40/0?width=273&amp;height=375",
        "title": "主播炸了系列",
        "description": "主播每日精彩搞笑镜头集锦",
        "updateTime": "2021-01-27更新",
        "authorPic": "https://inews.gtimg.com/newsapp_ls/0/1392917606_200200/0",
        "author": "聚印象"
    }, {
        "id": "11374467552821464095",
        "pic": "https://shp.qpic.cn/cfwebcap/0/4e3a27e3fecc1a56d9fd69261be20c27/0?width=273&amp;height=375",
        "title": "FE电竞百科全书",
        "description": "电竞百科全书，讲述各种电竞故事。",
        "updateTime": "2021-01-27更新",
        "authorPic": "https://inews.gtimg.com/newsapp_ls/0/11824218612_200200/0",
        "author": "电竞百科全书"
    }, {
        "id": "14134325110169662455",
        "pic": "https://shp.qpic.cn/cfwebcap/0/cb7c7b91b867287988f3ecb0132af05b/0?width=273&amp;height=375",
        "title": "主播疯人院",
        "description": "更多好玩的情景剧和lol主播搞笑翻车操作，更有改编LOL歌曲翻唱环节绝对满足你挑剔的需求",
        "updateTime": "2021-01-26更新",
        "authorPic": "https://inews.gtimg.com/newsapp_ls/0/3174321890_200200/0",
        "author": "暴龙电竞官方号"
    }, {
        "id": "621871531268791974",
        "pic": "https://shp.qpic.cn/cfwebcap/0/0385ff88296f2f4e2175392f907746a1/0?width=273&amp;height=375",
        "title": "主播日报",
        "description": "主播每日搞笑镜头集锦。",
        "updateTime": "2020-05-12更新",
        "authorPic": "https://shp.qpic.cn/cfwebcap/0/0f5da8363f1f148245274a76d81259fa/0?width=200&amp;height=200",
        "author": "兔玩LOL"
    }, {
        "id": "5389105580112488022",
        "pic": "https://shp.qpic.cn/cfwebcap/0/6571f9c69b4aaf2549b1d507227c043f/0?width=273&amp;height=375",
        "title": "虎牙一周秀",
        "description": "每周二悄悄更新，更多匪夷所思、令人瞠目结舌的操作等你来发掘。",
        "updateTime": "2021-01-25更新",
        "authorPic": "https://shp.qpic.cn/cfwebcap/0/b67dabcd09b4cd8d7d43df84dfd0c8d1/0",
        "author": "虎牙直播LOL"
    }, {
        "id": "14058807076289388337",
        "pic": "https://shp.qpic.cn/cfwebcap/0/f1af1518b590f1aa9014466a2d235ae8/0?width=273&amp;height=375",
        "title": "小鱼Top5",
        "description": "汇集英雄联盟最顶级精彩操作视频。",
        "updateTime": "2021-01-22更新",
        "authorPic": "https://shp.qpic.cn/cfwebcap/0/bd51826bf4e586ce8ffceeec016c88ca/0?width=1085&amp;height=1085",
        "author": "LOL解说小鱼"
    }, {
        "id": "12215379333889231009",
        "pic": "https://shp.qpic.cn/cfwebcap/0/3931729501b14e4ac7b0f8d909bc4b32/0?width=273&amp;height=375",
        "title": "神探苍赛事比比叨",
        "description": "神探苍解析赛事热点畅聊电竞八卦",
        "updateTime": "2020-01-18更新",
        "authorPic": "https://inews.gtimg.com/newsapp_ls/0/226774994_200200/0",
        "author": "小苍mm"
    }, {
        "id": "5894959424174985552",
        "pic": "https://shp.qpic.cn/cfwebcap/0/44b9f12fc02f30077687efebf64d9d4d/0?width=273&amp;height=375",
        "title": "联盟囧事",
        "description": "联盟囧事为您展示游戏中的逗B操作/坑爹队友的花式神操作，一分钟小视频带你笑不停！悄悄告诉您【这是一档每日搞笑的节目】",
        "updateTime": "2019-12-19更新",
        "authorPic": "",
        "author": "帅气猫出品"
    }, {
        "id": "10089393554941903577",
        "pic": "https://shp.qpic.cn/cfwebcap/0/6ec472a885e7f94d21bb859b7f8a83f5/0?width=273&amp;height=375",
        "title": "鹌鹑云顶锦囊",
        "description": "7连鸡，吃鸡霸主，云顶吃鸡小王子的吃鸡秘诀，斗帝流、盾法流、东北大乱盾创造者",
        "updateTime": "2020-06-09更新",
        "authorPic": "https://inews.gtimg.com/newsapp_ls/0/1896774783_200200/0",
        "author": "东北大鹌鹑"
    }, {
        "id": "13470324150805453318",
        "pic": "https://shp.qpic.cn/cfwebcap/0/11d2683a6f00865a119f5ca50c6afce9/0?width=273&amp;height=375",
        "title": "英雄研究院",
        "description": "用心做好每一期，为玩家提供最优质的英雄教学，让每一个观众在最短的时间内学到最全面最实用的技巧",
        "updateTime": "2021-01-26更新",
        "authorPic": "https://shp.qpic.cn/cfwebcap/0/c67dd8303c36356c8291988894ff4363/0?width=1500&amp;height=1500",
        "author": "冬雨QAQ"
    }]
}, {
    "name": "周三",
    "data": [{
        "id": "5894959424174985552",
        "pic": "https://shp.qpic.cn/cfwebcap/0/44b9f12fc02f30077687efebf64d9d4d/0?width=273&amp;height=375",
        "title": "联盟囧事",
        "description": "联盟囧事为您展示游戏中的逗B操作/坑爹队友的花式神操作，一分钟小视频带你笑不停！悄悄告诉您【这是一档每日搞笑的节目】",
        "updateTime": "2019-12-19更新",
        "authorPic": "",
        "author": "帅气猫出品"
    }, {
        "id": "10089393554941903577",
        "pic": "https://shp.qpic.cn/cfwebcap/0/6ec472a885e7f94d21bb859b7f8a83f5/0?width=273&amp;height=375",
        "title": "鹌鹑云顶锦囊",
        "description": "7连鸡，吃鸡霸主，云顶吃鸡小王子的吃鸡秘诀，斗帝流、盾法流、东北大乱盾创造者",
        "updateTime": "2020-06-09更新",
        "authorPic": "https://inews.gtimg.com/newsapp_ls/0/1896774783_200200/0",
        "author": "东北大鹌鹑"
    }, {
        "id": "15297615724921648498",
        "pic": "https://shp.qpic.cn/cfwebcap/0/305af37f4c3cc2a17720c70e457bec40/0?width=273&amp;height=375",
        "title": "主播炸了系列",
        "description": "主播每日精彩搞笑镜头集锦",
        "updateTime": "2021-01-27更新",
        "authorPic": "https://inews.gtimg.com/newsapp_ls/0/1392917606_200200/0",
        "author": "聚印象"
    }, {
        "id": "15539672103544993606",
        "pic": "https://shp.qpic.cn/cfwebcap/0/c1343ca9104362bfba1aca3077249d00/0?width=273&amp;height=375",
        "title": "青铜组的搞笑时刻",
        "description": "青铜组选手又出古怪骚操作？让你笑到停不下来！",
        "updateTime": "2021-01-22更新",
        "authorPic": "https://inews.gtimg.com/newsapp_ls/0/1843827373_200200/0",
        "author": "木木不哭官方号"
    }, {
        "id": "2482390837728966839",
        "pic": "https://shp.qpic.cn/cfwebcap/0/0c1c68776ee057550ba8201eb3089771/0?width=273&amp;height=375",
        "title": "起小点TOP10",
        "description": "起小点TOP10集合国服/外服一周的精彩操作镜头",
        "updateTime": "2020-12-21更新",
        "authorPic": "https://shp.qpic.cn/cfwebcap/0/c048985b72029077c4ea1344705af590/0?width=900&amp;height=900",
        "author": "联盟是大腿"
    }, {
        "id": "621871531268791974",
        "pic": "https://shp.qpic.cn/cfwebcap/0/0385ff88296f2f4e2175392f907746a1/0?width=273&amp;height=375",
        "title": "主播日报",
        "description": "主播每日搞笑镜头集锦。",
        "updateTime": "2020-05-12更新",
        "authorPic": "https://shp.qpic.cn/cfwebcap/0/0f5da8363f1f148245274a76d81259fa/0?width=200&amp;height=200",
        "author": "兔玩LOL"
    }, {
        "id": "14058807076289388337",
        "pic": "https://shp.qpic.cn/cfwebcap/0/f1af1518b590f1aa9014466a2d235ae8/0?width=273&amp;height=375",
        "title": "小鱼Top5",
        "description": "汇集英雄联盟最顶级精彩操作视频。",
        "updateTime": "2021-01-22更新",
        "authorPic": "https://shp.qpic.cn/cfwebcap/0/bd51826bf4e586ce8ffceeec016c88ca/0?width=1085&amp;height=1085",
        "author": "LOL解说小鱼"
    }, {
        "id": "11159435341450299935",
        "pic": "https://shp.qpic.cn/cfwebcap/0/8a148ce2f60629b8fb75546a1502b3b9/0?width=273&amp;height=375",
        "title": "神探苍联盟必修课",
        "description": "赛场骚套路、排位小姿势。",
        "updateTime": "2020-01-23更新",
        "authorPic": "https://inews.gtimg.com/newsapp_ls/0/226774994_200200/0",
        "author": "小苍mm"
    }, {
        "id": "15552527425094737597",
        "pic": "https://shp.qpic.cn/cfwebcap/0/1ff9fba7597f93ea91e5b5677c9b0a27/0?width=273&amp;height=375",
        "title": "魔王一周秀",
        "description": "每周带你来看大魔王faker极限操作时刻！",
        "updateTime": "2020-11-30更新",
        "authorPic": "https://shp.qpic.cn/cfwebcap/0/6ab90a3dcf338fbdad31b66fd48d4ee2/0?width=200&amp;height=200",
        "author": "神之梯LOL"
    }]
}, {
    "name": "周四",
    "data": [{
        "id": "5894959424174985552",
        "pic": "https://shp.qpic.cn/cfwebcap/0/44b9f12fc02f30077687efebf64d9d4d/0?width=273&amp;height=375",
        "title": "联盟囧事",
        "description": "联盟囧事为您展示游戏中的逗B操作/坑爹队友的花式神操作，一分钟小视频带你笑不停！悄悄告诉您【这是一档每日搞笑的节目】",
        "updateTime": "2019-12-19更新",
        "authorPic": "",
        "author": "帅气猫出品"
    }, {
        "id": "10089393554941903577",
        "pic": "https://shp.qpic.cn/cfwebcap/0/6ec472a885e7f94d21bb859b7f8a83f5/0?width=273&amp;height=375",
        "title": "鹌鹑云顶锦囊",
        "description": "7连鸡，吃鸡霸主，云顶吃鸡小王子的吃鸡秘诀，斗帝流、盾法流、东北大乱盾创造者",
        "updateTime": "2020-06-09更新",
        "authorPic": "https://inews.gtimg.com/newsapp_ls/0/1896774783_200200/0",
        "author": "东北大鹌鹑"
    }, {
        "id": "11374467552821464095",
        "pic": "https://shp.qpic.cn/cfwebcap/0/4e3a27e3fecc1a56d9fd69261be20c27/0?width=273&amp;height=375",
        "title": "FE电竞百科全书",
        "description": "电竞百科全书，讲述各种电竞故事。",
        "updateTime": "2021-01-27更新",
        "authorPic": "https://inews.gtimg.com/newsapp_ls/0/11824218612_200200/0",
        "author": "电竞百科全书"
    }, {
        "id": "621871531268791974",
        "pic": "https://shp.qpic.cn/cfwebcap/0/0385ff88296f2f4e2175392f907746a1/0?width=273&amp;height=375",
        "title": "主播日报",
        "description": "主播每日搞笑镜头集锦。",
        "updateTime": "2020-05-12更新",
        "authorPic": "https://shp.qpic.cn/cfwebcap/0/0f5da8363f1f148245274a76d81259fa/0?width=200&amp;height=200",
        "author": "兔玩LOL"
    }, {
        "id": "11558427106722790778",
        "pic": "https://shp.qpic.cn/cfwebcap/0/4d2051975303daaf659225a1ac4fc690/0?width=273&amp;height=375",
        "title": "主播 玩脱了",
        "description": "每周两更的主播搞笑类节目",
        "updateTime": "2020-08-27更新",
        "authorPic": "https://inews.gtimg.com/newsapp_ls/0/1843827373_200200/0",
        "author": "木木不哭官方号"
    }, {
        "id": "14058807076289388337",
        "pic": "https://shp.qpic.cn/cfwebcap/0/f1af1518b590f1aa9014466a2d235ae8/0?width=273&amp;height=375",
        "title": "小鱼Top5",
        "description": "汇集英雄联盟最顶级精彩操作视频。",
        "updateTime": "2021-01-22更新",
        "authorPic": "https://shp.qpic.cn/cfwebcap/0/bd51826bf4e586ce8ffceeec016c88ca/0?width=1085&amp;height=1085",
        "author": "LOL解说小鱼"
    }]
}, {
    "name": "周五",
    "data": [{
        "id": "13470324150805453318",
        "pic": "https://shp.qpic.cn/cfwebcap/0/11d2683a6f00865a119f5ca50c6afce9/0?width=273&amp;height=375",
        "title": "英雄研究院",
        "description": "用心做好每一期，为玩家提供最优质的英雄教学，让每一个观众在最短的时间内学到最全面最实用的技巧",
        "updateTime": "2021-01-26更新",
        "authorPic": "https://shp.qpic.cn/cfwebcap/0/c67dd8303c36356c8291988894ff4363/0?width=1500&amp;height=1500",
        "author": "冬雨QAQ"
    }, {
        "id": "12059822488586694999",
        "pic": "https://shp.qpic.cn/cfwebcap/0/051561f5979dcf2a4b52293b9750e65a/0?width=273&amp;height=375",
        "title": "斗鱼英雄榜",
        "description": "精选一周内斗鱼主播最神级的操作，每周五稳定更新",
        "updateTime": "2020-04-10更新",
        "authorPic": "https://shp.qpic.cn/cfwebcap/0/11c95a8f1fb9893f91cb5a2ae5cba4cf/0?width=200&amp;height=200",
        "author": "斗鱼直播英雄联盟"
    }, {
        "id": "15297615724921648498",
        "pic": "https://shp.qpic.cn/cfwebcap/0/305af37f4c3cc2a17720c70e457bec40/0?width=273&amp;height=375",
        "title": "主播炸了系列",
        "description": "主播每日精彩搞笑镜头集锦",
        "updateTime": "2021-01-27更新",
        "authorPic": "https://inews.gtimg.com/newsapp_ls/0/1392917606_200200/0",
        "author": "聚印象"
    }, {
        "id": "15785251185830606869",
        "pic": "https://shp.qpic.cn/cfwebcap/0/485b178eca45f5d27811bc770d0c0e75/0?width=273&amp;height=375",
        "title": "Miss排位日记",
        "description": "电竞女选手Miss制作的LOL解说视频",
        "updateTime": "2021-01-28更新",
        "authorPic": "https://shp.qpic.cn/cfwebcap/0/e1643ac2193358765e4138e97c242e78/0",
        "author": "英雄联盟Miss"
    }, {
        "id": "3367790237178880",
        "pic": "https://shp.qpic.cn/cfwebcap/0/bb258695f6a6d3f77229a70cf9206a9d/0?width=273&amp;height=375",
        "title": "主播真会玩",
        "description": "主播真会玩，每周五更新！",
        "updateTime": "2020-12-11更新",
        "authorPic": "https://shp.qpic.cn/cfwebcap/0/c048985b72029077c4ea1344705af590/0?width=900&amp;height=900",
        "author": "联盟是大腿"
    }, {
        "id": "7919225876847943284",
        "pic": "https://shp.qpic.cn/cfwebcap/0/0d4c367ab33cce1968b1c5e484bed320/0?width=273&amp;height=375",
        "title": "最强王者组的威力",
        "description": "最强王者组的大神们的超神操作！赏心悦目~搭配炫酷BGM，燃到停不下来！",
        "updateTime": "2020-09-06更新",
        "authorPic": "https://inews.gtimg.com/newsapp_ls/0/1843827373_200200/0",
        "author": "木木不哭官方号"
    }, {
        "id": "621871531268791974",
        "pic": "https://shp.qpic.cn/cfwebcap/0/0385ff88296f2f4e2175392f907746a1/0?width=273&amp;height=375",
        "title": "主播日报",
        "description": "主播每日搞笑镜头集锦。",
        "updateTime": "2020-05-12更新",
        "authorPic": "https://shp.qpic.cn/cfwebcap/0/0f5da8363f1f148245274a76d81259fa/0?width=200&amp;height=200",
        "author": "兔玩LOL"
    }, {
        "id": "14058807076289388337",
        "pic": "https://shp.qpic.cn/cfwebcap/0/f1af1518b590f1aa9014466a2d235ae8/0?width=273&amp;height=375",
        "title": "小鱼Top5",
        "description": "汇集英雄联盟最顶级精彩操作视频。",
        "updateTime": "2021-01-22更新",
        "authorPic": "https://shp.qpic.cn/cfwebcap/0/bd51826bf4e586ce8ffceeec016c88ca/0?width=1085&amp;height=1085",
        "author": "LOL解说小鱼"
    }, {
        "id": "17145065941035768761",
        "pic": "https://shp.qpic.cn/cfwebcap/0/9a23f4e3ad7df55fcdf63245c16c9ad1/0?width=273&amp;height=375",
        "title": "京京乐道",
        "description": "每周定期更新战队日常以及赛事集锦",
        "updateTime": "2020-08-06更新",
        "authorPic": "https://shp.qpic.cn/cfwebcap/0/bbabc01ff45d0cccfa0d905588aa2e99/0?width=1994&amp;height=812",
        "author": "斗鱼直播英雄联盟"
    }, {
        "id": "5894959424174985552",
        "pic": "https://shp.qpic.cn/cfwebcap/0/44b9f12fc02f30077687efebf64d9d4d/0?width=273&amp;height=375",
        "title": "联盟囧事",
        "description": "联盟囧事为您展示游戏中的逗B操作/坑爹队友的花式神操作，一分钟小视频带你笑不停！悄悄告诉您【这是一档每日搞笑的节目】",
        "updateTime": "2019-12-19更新",
        "authorPic": "",
        "author": "帅气猫出品"
    }, {
        "id": "10089393554941903577",
        "pic": "https://shp.qpic.cn/cfwebcap/0/6ec472a885e7f94d21bb859b7f8a83f5/0?width=273&amp;height=375",
        "title": "鹌鹑云顶锦囊",
        "description": "7连鸡，吃鸡霸主，云顶吃鸡小王子的吃鸡秘诀，斗帝流、盾法流、东北大乱盾创造者",
        "updateTime": "2020-06-09更新",
        "authorPic": "https://inews.gtimg.com/newsapp_ls/0/1896774783_200200/0",
        "author": "东北大鹌鹑"
    }]
}, {
    "name": "周六",
    "data": [{
        "id": "11374467552821464095",
        "pic": "https://shp.qpic.cn/cfwebcap/0/4e3a27e3fecc1a56d9fd69261be20c27/0?width=273&amp;height=375",
        "title": "FE电竞百科全书",
        "description": "电竞百科全书，讲述各种电竞故事。",
        "updateTime": "2021-01-27更新",
        "authorPic": "https://inews.gtimg.com/newsapp_ls/0/11824218612_200200/0",
        "author": "电竞百科全书"
    }, {
        "id": "7824384057825420893",
        "pic": "https://shp.qpic.cn/cfwebcap/0/bfebfd83129cc959931b362a7bb98aed/0?width=273&amp;height=375",
        "title": "S赛名场面",
        "description": "过去的S赛都有哪些名场面呢？一起来看~",
        "updateTime": "2020-09-22更新",
        "authorPic": "https://shp.qpic.cn/cfwebcap/0/bbabc01ff45d0cccfa0d905588aa2e99/0?width=1994&amp;height=812",
        "author": "斗鱼直播英雄联盟"
    }, {
        "id": "11978029058827414776",
        "pic": "https://shp.qpic.cn/cfwebcap/0/7a787494fa229a30acd21762da214a3f/0?width=273&amp;height=375",
        "title": "星聚S10",
        "description": "S10明星选手齐聚斗鱼，会擦出怎样的火花呢？",
        "updateTime": "2020-09-23更新",
        "authorPic": "https://shp.qpic.cn/cfwebcap/0/bbabc01ff45d0cccfa0d905588aa2e99/0?width=1994&amp;height=812",
        "author": "斗鱼直播英雄联盟"
    }, {
        "id": "5034254634772504173",
        "pic": "https://shp.qpic.cn/cfwebcap/0/b2fda95eff47dcd640d860cc5ab4e3c6/0?width=273&amp;height=375",
        "title": "徐老师来巡山",
        "description": "徐老师继《LOL三十六计》《进击的小学生》之后出品的全新英雄联盟搞笑系列巨作，保留了一贯的独特风格，每周精选最精彩的搞笑镜头。",
        "updateTime": "2020-11-22更新",
        "authorPic": "https://shp.qpic.cn/cfwebcap/0/ac8829190eaa9b105c3f03b149014cad/0?width=500&amp;height=500",
        "author": "LOL徐老师"
    }, {
        "id": "14134325110169662455",
        "pic": "https://shp.qpic.cn/cfwebcap/0/cb7c7b91b867287988f3ecb0132af05b/0?width=273&amp;height=375",
        "title": "主播疯人院",
        "description": "更多好玩的情景剧和lol主播搞笑翻车操作，更有改编LOL歌曲翻唱环节绝对满足你挑剔的需求",
        "updateTime": "2021-01-26更新",
        "authorPic": "https://inews.gtimg.com/newsapp_ls/0/3174321890_200200/0",
        "author": "暴龙电竞官方号"
    }, {
        "id": "621871531268791974",
        "pic": "https://shp.qpic.cn/cfwebcap/0/0385ff88296f2f4e2175392f907746a1/0?width=273&amp;height=375",
        "title": "主播日报",
        "description": "主播每日搞笑镜头集锦。",
        "updateTime": "2020-05-12更新",
        "authorPic": "https://shp.qpic.cn/cfwebcap/0/0f5da8363f1f148245274a76d81259fa/0?width=200&amp;height=200",
        "author": "兔玩LOL"
    }, {
        "id": "14058807076289388337",
        "pic": "https://shp.qpic.cn/cfwebcap/0/f1af1518b590f1aa9014466a2d235ae8/0?width=273&amp;height=375",
        "title": "小鱼Top5",
        "description": "汇集英雄联盟最顶级精彩操作视频。",
        "updateTime": "2021-01-22更新",
        "authorPic": "https://shp.qpic.cn/cfwebcap/0/bd51826bf4e586ce8ffceeec016c88ca/0?width=1085&amp;height=1085",
        "author": "LOL解说小鱼"
    }, {
        "id": "5894959424174985552",
        "pic": "https://shp.qpic.cn/cfwebcap/0/44b9f12fc02f30077687efebf64d9d4d/0?width=273&amp;height=375",
        "title": "联盟囧事",
        "description": "联盟囧事为您展示游戏中的逗B操作/坑爹队友的花式神操作，一分钟小视频带你笑不停！悄悄告诉您【这是一档每日搞笑的节目】",
        "updateTime": "2019-12-19更新",
        "authorPic": "",
        "author": "帅气猫出品"
    }, {
        "id": "10089393554941903577",
        "pic": "https://shp.qpic.cn/cfwebcap/0/6ec472a885e7f94d21bb859b7f8a83f5/0?width=273&amp;height=375",
        "title": "鹌鹑云顶锦囊",
        "description": "7连鸡，吃鸡霸主，云顶吃鸡小王子的吃鸡秘诀，斗帝流、盾法流、东北大乱盾创造者",
        "updateTime": "2020-06-09更新",
        "authorPic": "https://inews.gtimg.com/newsapp_ls/0/1896774783_200200/0",
        "author": "东北大鹌鹑"
    }]
}, {
    "name": "周日",
    "data": [{
        "id": "10089393554941903577",
        "pic": "https://shp.qpic.cn/cfwebcap/0/6ec472a885e7f94d21bb859b7f8a83f5/0?width=273&amp;height=375",
        "title": "鹌鹑云顶锦囊",
        "description": "7连鸡，吃鸡霸主，云顶吃鸡小王子的吃鸡秘诀，斗帝流、盾法流、东北大乱盾创造者",
        "updateTime": "2020-06-09更新",
        "authorPic": "https://inews.gtimg.com/newsapp_ls/0/1896774783_200200/0",
        "author": "东北大鹌鹑"
    }, {
        "id": "650572683546073156",
        "pic": "https://shp.qpic.cn/cfwebcap/0/8bbafe4e8f446964e462c7a30c6c538c/0?width=273&amp;height=375",
        "title": "罗汉解说",
        "description": "罗汉解说",
        "updateTime": "2019-10-20更新",
        "authorPic": "https://shp.qpic.cn/cfwebcap/0/aba8edc62555bb1a3e5178d0ea6d92b7/0?width=140&amp;height=140",
        "author": "罗汉解说"
    }, {
        "id": "7664072538214499791",
        "pic": "https://shp.qpic.cn/cfwebcap/0/7016cb757e078187ce15ae55c0b29374/0?width=237&amp;height=375",
        "title": "云顶之巅",
        "description": "收罗云顶之弈版本最新内容，为你带来第一手的云顶上分攻略，更多精彩的虎牙主播攻略内容，尽在云顶之巅",
        "updateTime": "2021-01-10更新",
        "authorPic": "https://shp.qpic.cn/cfwebcap/0/b67dabcd09b4cd8d7d43df84dfd0c8d1/0",
        "author": "虎牙直播LOL"
    }, {
        "id": "2482390837728966839",
        "pic": "https://shp.qpic.cn/cfwebcap/0/0c1c68776ee057550ba8201eb3089771/0?width=273&amp;height=375",
        "title": "起小点TOP10",
        "description": "起小点TOP10集合国服/外服一周的精彩操作镜头",
        "updateTime": "2020-12-21更新",
        "authorPic": "https://shp.qpic.cn/cfwebcap/0/c048985b72029077c4ea1344705af590/0?width=900&amp;height=900",
        "author": "联盟是大腿"
    }, {
        "id": "621871531268791974",
        "pic": "https://shp.qpic.cn/cfwebcap/0/0385ff88296f2f4e2175392f907746a1/0?width=273&amp;height=375",
        "title": "主播日报",
        "description": "主播每日搞笑镜头集锦。",
        "updateTime": "2020-05-12更新",
        "authorPic": "https://shp.qpic.cn/cfwebcap/0/0f5da8363f1f148245274a76d81259fa/0?width=200&amp;height=200",
        "author": "兔玩LOL"
    }, {
        "id": "11558427106722790778",
        "pic": "https://shp.qpic.cn/cfwebcap/0/4d2051975303daaf659225a1ac4fc690/0?width=273&amp;height=375",
        "title": "主播 玩脱了",
        "description": "每周两更的主播搞笑类节目",
        "updateTime": "2020-08-27更新",
        "authorPic": "https://inews.gtimg.com/newsapp_ls/0/1843827373_200200/0",
        "author": "木木不哭官方号"
    }, {
        "id": "14058807076289388337",
        "pic": "https://shp.qpic.cn/cfwebcap/0/f1af1518b590f1aa9014466a2d235ae8/0?width=273&amp;height=375",
        "title": "小鱼Top5",
        "description": "汇集英雄联盟最顶级精彩操作视频。",
        "updateTime": "2021-01-22更新",
        "authorPic": "https://shp.qpic.cn/cfwebcap/0/bd51826bf4e586ce8ffceeec016c88ca/0?width=1085&amp;height=1085",
        "author": "LOL解说小鱼"
    }, {
        "id": "15552527425094737597",
        "pic": "https://shp.qpic.cn/cfwebcap/0/1ff9fba7597f93ea91e5b5677c9b0a27/0?width=273&amp;height=375",
        "title": "魔王一周秀",
        "description": "每周带你来看大魔王faker极限操作时刻！",
        "updateTime": "2020-11-30更新",
        "authorPic": "https://shp.qpic.cn/cfwebcap/0/6ab90a3dcf338fbdad31b66fd48d4ee2/0?width=200&amp;height=200",
        "author": "神之梯LOL"
    }, {
        "id": "5894959424174985552",
        "pic": "https://shp.qpic.cn/cfwebcap/0/44b9f12fc02f30077687efebf64d9d4d/0?width=273&amp;height=375",
        "title": "联盟囧事",
        "description": "联盟囧事为您展示游戏中的逗B操作/坑爹队友的花式神操作，一分钟小视频带你笑不停！悄悄告诉您【这是一档每日搞笑的节目】",
        "updateTime": "2019-12-19更新",
        "authorPic": "",
        "author": "帅气猫出品"
    }]
}]