[{
    "title": "2021福牛贺岁",
    "href": "https://lol.qq.com/act/a20210122lunarpresent/index.html?e_code=500130",
    "pic": "https://ossweb-img.qq.com/upload/adw/image/20210128/2304a49680e31f18e780f3f9920df89f.jpeg"
}, {
    "title": "山海绘卷",
    "href": "https://lol.qq.com/act/a20210129shanhai/index.html?e_code=500131",
    "pic": "https://ossweb-img.qq.com/upload/adw/image/20210129/e440e62713f57cd970d93c4b9f86166b.jpeg"
}, {
    "title": "破败军团",
    "href": "https://lol.qq.com/act/a20210122ruined/index.html?e_code=500132",
    "pic": "https://ossweb-img.qq.com/upload/adw/image/20210122/1f8f8a60b688ce5c6691d2bd2ef8d4dc.jpeg"
}, {
    "title": "2021新赛季 新征程",
    "href": "https://lol.qq.com/act/a20210108newseason/index.html?e_code=500133",
    "pic": "https://ossweb-img.qq.com/upload/adw/image/20210108/a73a29316dcb06e7d4d1aa402bf3d05d.jpeg"
}, {
    "title": "阿卡丽的黑金商店",
    "href": "https://lol.qq.com/act/a20210115akl/index.html?e_code=500134",
    "pic": "https://ossweb-img.qq.com/upload/adw/image/20200814/18012dfa6cf22ae1cf02d524310f9b80.jpeg"
}]