[{
    "player": "Nuguri",
    "pic": "https://img.crawler.qq.com/lolwebvideo/20210108214024/c47d438a0f6f550717c9bf4929f36db4/0",
    "rankRole": "p-top",
    "teamLogo": "https://img.crawler.qq.com/lolwebvideo/20190908174443/f40e23c19e85c9b3c50a3ed36e84ff41/0"
}, {
    "player": "Weiwei",
    "pic": "https://img.crawler.qq.com/lolwebvideo/20210106160525/b566d49f1a15f5b87b7d44d1cbfc5951/0",
    "rankRole": "p-jungle",
    "teamLogo": "https://img.crawler.qq.com/lolwebvideo/20181224214105/448aac8501e04a27db7594cb1f441c17/0"
}, {
    "player": "Doinb",
    "pic": "https://img.crawler.qq.com/lolwebvideo/20210106105824/ea4251d7a4eea448f01612f05cb4a158/0",
    "rankRole": "p-mid",
    "teamLogo": "https://img.crawler.qq.com/lolwebvideo/20190908174443/f40e23c19e85c9b3c50a3ed36e84ff41/0"
}, {
    "player": "Viper",
    "pic": "https://img.crawler.qq.com/lolwebvideo/20210106115202/3322674edc1aa3cb5b2e35de6872c5e6/0",
    "rankRole": "p-bottom",
    "teamLogo": "https://img.crawler.qq.com/lolwebvideo/20180925110059/69d20800d8dad53348ff74ce3d1ab737/0"
}, {
    "player": "Missing",
    "pic": "https://img.crawler.qq.com/lolwebvideo/20210106171032/54b4d19b09eb9de50a7ec1c5e4edcb40/0",
    "rankRole": "p-sup",
    "teamLogo": "https://img.crawler.qq.com/lolwebvideo/201712250188/69671596f47d00853d23848ed34bc278/0"
}]