[{
    "state": "已结束",
    "matchTime": "1-09 17:00",
    "type": "2021职业联赛",
    "schedule": "春季赛常规赛 第一周 BO3",
    "homeLogo": "https://img.crawler.qq.com/lolwebvideo/20190527161755/35a13fdc75e5fb0b047de7a9bf670463/0",
    "homeName": "TES",
    "homeScore": "0",
    "guestLogo": "https://img.crawler.qq.com/lolwebvideo/20190523093521/b753e24c05cc53123ce5fa3f3a19162f/0",
    "guestName": "SN",
    "guestScore": "2",
    "href": "https://lpl.qq.com/es/video_detail.shtml?nid=39446&amp;bMatchId=6909"
}, {
    "state": "已结束",
    "matchTime": "1-09 19:00",
    "type": "2021职业联赛",
    "schedule": "春季赛常规赛 第一周 BO3",
    "homeLogo": "https://img.crawler.qq.com/lolwebvideo/20210106161237/bafc101b6a9064be21b83d50b149bb37/0",
    "homeName": "OMG",
    "homeScore": "1",
    "guestLogo": "https://img.crawler.qq.com/lolwebvideo/20180925110059/69d20800d8dad53348ff74ce3d1ab737/0",
    "guestName": "EDG",
    "guestScore": "2",
    "href": "https://lpl.qq.com/es/video_detail.shtml?nid=39452&amp;bMatchId=6910"
}, {
    "state": "已结束",
    "matchTime": "1-10 17:00",
    "type": "2021职业联赛",
    "schedule": "春季赛常规赛 第一周 BO3",
    "homeLogo": "https://img.crawler.qq.com/lolwebvideo/201712250188/69671596f47d00853d23848ed34bc278/0",
    "homeName": "西安WE",
    "homeScore": "2",
    "guestLogo": "https://img.crawler.qq.com/lolwebvideo/20191219183242/2dfd89057429b22ca94b6d4f5b688f2e/0",
    "guestName": "RW",
    "guestScore": "0",
    "href": "https://lpl.qq.com/es/video_detail.shtml?nid=39458&amp;bMatchId=6911"
}, {
    "state": "已结束",
    "matchTime": "1-10 19:00",
    "type": "2021职业联赛",
    "schedule": "春季赛常规赛 第一周 BO3",
    "homeLogo": "https://img.crawler.qq.com/lolwebvideo/20190523093050/f63d37cbc3810f2f9e8fb5688dd40254/0",
    "homeName": "北京JDG",
    "homeScore": "0",
    "guestLogo": "https://img.crawler.qq.com/lolwebvideo/20190424151401/5985071337c7c4a785fbbdd3b8a75ae8/0",
    "guestName": "IG",
    "guestScore": "2",
    "href": "https://lpl.qq.com/es/video_detail.shtml?nid=39460&amp;bMatchId=6912"
}, {
    "state": "已结束",
    "matchTime": "1-11 17:00",
    "type": "2021职业联赛",
    "schedule": "春季赛常规赛 第二周 BO3",
    "homeLogo": "https://img.crawler.qq.com/lolwebvideo/20190124200637/8064b602192b33ef59101501e69bf15e/0",
    "homeName": "BLG",
    "homeScore": "2",
    "guestLogo": "https://img.crawler.qq.com/lolwebvideo/20191231162703/32922a2abc9923fddfffed0c55ad7025/0",
    "guestName": "ES",
    "guestScore": "1",
    "href": "https://lpl.qq.com/es/video_detail.shtml?nid=39471&amp;bMatchId=6913"
}, {
    "state": "已结束",
    "matchTime": "1-11 19:00",
    "type": "2021职业联赛",
    "schedule": "春季赛常规赛 第二周 BO3",
    "homeLogo": "https://img.crawler.qq.com/lolwebvideo/20201210152623/0f0fb4018317e1debb9a61b4072ce24d/0",
    "homeName": "TT",
    "homeScore": "0",
    "guestLogo": "https://img.crawler.qq.com/lolwebvideo/20180925105909/296e9851a4a4ad7d170a6b103006d045/0",
    "guestName": "RNG",
    "guestScore": "2",
    "href": "https://lpl.qq.com/es/video_detail.shtml?nid=39476&amp;bMatchId=6914"
}, {
    "state": "已结束",
    "matchTime": "1-12 17:00",
    "type": "2021职业联赛",
    "schedule": "春季赛常规赛 第二周 BO3",
    "homeLogo": "https://img.crawler.qq.com/lolwebvideo/20210106161237/bafc101b6a9064be21b83d50b149bb37/0",
    "homeName": "OMG",
    "homeScore": "0",
    "guestLogo": "https://img.crawler.qq.com/lolwebvideo/20190908174443/f40e23c19e85c9b3c50a3ed36e84ff41/0",
    "guestName": "FPX",
    "guestScore": "2",
    "href": "https://lpl.qq.com/es/video_detail.shtml?nid=39487&amp;bMatchId=6915"
}, {
    "state": "已结束",
    "matchTime": "1-12 19:00",
    "type": "2021职业联赛",
    "schedule": "春季赛常规赛 第二周 BO3",
    "homeLogo": "https://img.crawler.qq.com/lolwebvideo/20191219183242/2dfd89057429b22ca94b6d4f5b688f2e/0",
    "homeName": "RW",
    "homeScore": "2",
    "guestLogo": "https://img.crawler.qq.com/lolwebvideo/20190527161755/35a13fdc75e5fb0b047de7a9bf670463/0",
    "guestName": "TES",
    "guestScore": "1",
    "href": "https://lpl.qq.com/es/video_detail.shtml?nid=39494&amp;bMatchId=6916"
}, {
    "state": "已结束",
    "matchTime": "1-13 17:00",
    "type": "2021职业联赛",
    "schedule": "春季赛常规赛 第二周 BO3",
    "homeLogo": "https://img.crawler.qq.com/lolwebvideo/201712250188/69671596f47d00853d23848ed34bc278/0",
    "homeName": "西安WE",
    "homeScore": "2",
    "guestLogo": "https://img.crawler.qq.com/lolwebvideo/20181224214105/448aac8501e04a27db7594cb1f441c17/0",
    "guestName": "深圳V5",
    "guestScore": "1",
    "href": "https://lpl.qq.com/es/video_detail.shtml?nid=39505&amp;bMatchId=6917"
}, {
    "state": "已结束",
    "matchTime": "1-13 19:00",
    "type": "2021职业联赛",
    "schedule": "春季赛常规赛 第二周 BO3",
    "homeLogo": "https://img.crawler.qq.com/lolwebvideo/20190523092402/2810b9519c64ef7cbcdb9a6cb981798d/0",
    "homeName": "苏州LNG",
    "homeScore": "2",
    "guestLogo": "https://img.crawler.qq.com/lolwebvideo/20190424151401/5985071337c7c4a785fbbdd3b8a75ae8/0",
    "guestName": "IG",
    "guestScore": "0",
    "href": "https://lpl.qq.com/es/video_detail.shtml?nid=39507&amp;bMatchId=6918"
}, {
    "state": "已结束",
    "matchTime": "1-14 17:00",
    "type": "2021职业联赛",
    "schedule": "春季赛常规赛 第二周 BO3",
    "homeLogo": "https://img.crawler.qq.com/lolwebvideo/20190523093050/f63d37cbc3810f2f9e8fb5688dd40254/0",
    "homeName": "北京JDG",
    "homeScore": "2",
    "guestLogo": "https://img.crawler.qq.com/lolwebvideo/20190124200637/8064b602192b33ef59101501e69bf15e/0",
    "guestName": "BLG",
    "guestScore": "0",
    "href": "https://lpl.qq.com/es/video_detail.shtml?nid=39516&amp;bMatchId=6919"
}, {
    "state": "已结束",
    "matchTime": "1-14 19:00",
    "type": "2021职业联赛",
    "schedule": "春季赛常规赛 第二周 BO3",
    "homeLogo": "https://img.crawler.qq.com/lolwebvideo/20180925105909/296e9851a4a4ad7d170a6b103006d045/0",
    "homeName": "RNG",
    "homeScore": "2",
    "guestLogo": "https://img.crawler.qq.com/lolwebvideo/20190523093521/b753e24c05cc53123ce5fa3f3a19162f/0",
    "guestName": "SN",
    "guestScore": "1",
    "href": "https://lpl.qq.com/es/video_detail.shtml?nid=39522&amp;bMatchId=6920"
}, {
    "state": "已结束",
    "matchTime": "1-15 17:00",
    "type": "2021职业联赛",
    "schedule": "春季赛常规赛 第二周 BO3",
    "homeLogo": "https://img.crawler.qq.com/lolwebvideo/20191219183242/2dfd89057429b22ca94b6d4f5b688f2e/0",
    "homeName": "RW",
    "homeScore": "0",
    "guestLogo": "https://img.crawler.qq.com/lolwebvideo/20191231162703/32922a2abc9923fddfffed0c55ad7025/0",
    "guestName": "ES",
    "guestScore": "2",
    "href": "https://lpl.qq.com/es/video_detail.shtml?nid=39551&amp;bMatchId=6921"
}, {
    "state": "已结束",
    "matchTime": "1-15 19:00",
    "type": "2021职业联赛",
    "schedule": "春季赛常规赛 第二周 BO3",
    "homeLogo": "https://img.crawler.qq.com/lolwebvideo/20190527161755/35a13fdc75e5fb0b047de7a9bf670463/0",
    "homeName": "TES",
    "homeScore": "2",
    "guestLogo": "https://img.crawler.qq.com/lolwebvideo/20210104095929/2f3a34a9fb66e22f64595f2c4a43eecf/0",
    "guestName": "RA",
    "guestScore": "0",
    "href": "https://lpl.qq.com/es/video_detail.shtml?nid=39557&amp;bMatchId=6922"
}, {
    "state": "已结束",
    "matchTime": "1-16 17:00",
    "type": "2021职业联赛",
    "schedule": "春季赛常规赛 第二周 BO3",
    "homeLogo": "https://img.crawler.qq.com/lolwebvideo/20181224214105/448aac8501e04a27db7594cb1f441c17/0",
    "homeName": "深圳V5",
    "homeScore": "2",
    "guestLogo": "https://img.crawler.qq.com/lolwebvideo/20210109181904/0d8c3963b36b2516ccf669b34a3bfc23/0",
    "guestName": "杭州LGD",
    "guestScore": "1",
    "href": "https://lpl.qq.com/es/video_detail.shtml?nid=39565&amp;bMatchId=6923"
}, {
    "state": "已结束",
    "matchTime": "1-16 19:00",
    "type": "2021职业联赛",
    "schedule": "春季赛常规赛 第二周 BO3",
    "homeLogo": "https://img.crawler.qq.com/lolwebvideo/20180925110059/69d20800d8dad53348ff74ce3d1ab737/0",
    "homeName": "EDG",
    "homeScore": "2",
    "guestLogo": "https://img.crawler.qq.com/lolwebvideo/20190908174443/f40e23c19e85c9b3c50a3ed36e84ff41/0",
    "guestName": "FPX",
    "guestScore": "1",
    "href": "https://lpl.qq.com/es/video_detail.shtml?nid=39568&amp;bMatchId=6924"
}, {
    "state": "已结束",
    "matchTime": "1-17 17:00",
    "type": "2021职业联赛",
    "schedule": "春季赛常规赛 第二周 BO3",
    "homeLogo": "https://img.crawler.qq.com/lolwebvideo/20190523092402/2810b9519c64ef7cbcdb9a6cb981798d/0",
    "homeName": "苏州LNG",
    "homeScore": "2",
    "guestLogo": "https://img.crawler.qq.com/lolwebvideo/20201210152623/0f0fb4018317e1debb9a61b4072ce24d/0",
    "guestName": "TT",
    "guestScore": "1",
    "href": "https://lpl.qq.com/es/video_detail.shtml?nid=39577&amp;bMatchId=6925"
}, {
    "state": "已结束",
    "matchTime": "1-17 19:00",
    "type": "2021职业联赛",
    "schedule": "春季赛常规赛 第二周 BO3",
    "homeLogo": "https://img.crawler.qq.com/lolwebvideo/201712250188/69671596f47d00853d23848ed34bc278/0",
    "homeName": "西安WE",
    "homeScore": "2",
    "guestLogo": "https://img.crawler.qq.com/lolwebvideo/20190424151401/5985071337c7c4a785fbbdd3b8a75ae8/0",
    "guestName": "IG",
    "guestScore": "1",
    "href": "https://lpl.qq.com/es/video_detail.shtml?nid=39609&amp;bMatchId=6926"
}, {
    "state": "已结束",
    "matchTime": "1-18 17:00",
    "type": "2021职业联赛",
    "schedule": "春季赛常规赛 第三周 BO3",
    "homeLogo": "https://img.crawler.qq.com/lolwebvideo/20210106161237/bafc101b6a9064be21b83d50b149bb37/0",
    "homeName": "OMG",
    "homeScore": "1",
    "guestLogo": "https://img.crawler.qq.com/lolwebvideo/20191231162703/32922a2abc9923fddfffed0c55ad7025/0",
    "guestName": "ES",
    "guestScore": "2",
    "href": "https://lpl.qq.com/es/video_detail.shtml?nid=39628&amp;bMatchId=6927"
}, {
    "state": "已结束",
    "matchTime": "1-18 19:00",
    "type": "2021职业联赛",
    "schedule": "春季赛常规赛 第三周 BO3",
    "homeLogo": "https://img.crawler.qq.com/lolwebvideo/20190124200637/8064b602192b33ef59101501e69bf15e/0",
    "homeName": "BLG",
    "homeScore": "1",
    "guestLogo": "https://img.crawler.qq.com/lolwebvideo/20181224214105/448aac8501e04a27db7594cb1f441c17/0",
    "guestName": "深圳V5",
    "guestScore": "2",
    "href": "https://lpl.qq.com/es/video_detail.shtml?nid=39638&amp;bMatchId=6928"
}, {
    "state": "已结束",
    "matchTime": "1-19 17:00",
    "type": "2021职业联赛",
    "schedule": "春季赛常规赛 第三周 BO3",
    "homeLogo": "https://img.crawler.qq.com/lolwebvideo/20191219183242/2dfd89057429b22ca94b6d4f5b688f2e/0",
    "homeName": "RW",
    "homeScore": "0",
    "guestLogo": "https://img.crawler.qq.com/lolwebvideo/20190908174443/f40e23c19e85c9b3c50a3ed36e84ff41/0",
    "guestName": "FPX",
    "guestScore": "2",
    "href": "https://lpl.qq.com/es/video_detail.shtml?nid=39653&amp;bMatchId=6929"
}, {
    "state": "已结束",
    "matchTime": "1-19 19:00",
    "type": "2021职业联赛",
    "schedule": "春季赛常规赛 第三周 BO3",
    "homeLogo": "https://img.crawler.qq.com/lolwebvideo/20180925110059/69d20800d8dad53348ff74ce3d1ab737/0",
    "homeName": "EDG",
    "homeScore": "2",
    "guestLogo": "https://img.crawler.qq.com/lolwebvideo/20210109181904/0d8c3963b36b2516ccf669b34a3bfc23/0",
    "guestName": "杭州LGD",
    "guestScore": "0",
    "href": "https://lpl.qq.com/es/video_detail.shtml?nid=39658&amp;bMatchId=6930"
}, {
    "state": "已结束",
    "matchTime": "1-20 17:00",
    "type": "2021职业联赛",
    "schedule": "春季赛常规赛 第三周 BO3",
    "homeLogo": "https://img.crawler.qq.com/lolwebvideo/20190424151401/5985071337c7c4a785fbbdd3b8a75ae8/0",
    "homeName": "IG",
    "homeScore": "2",
    "guestLogo": "https://img.crawler.qq.com/lolwebvideo/20191231162703/32922a2abc9923fddfffed0c55ad7025/0",
    "guestName": "ES",
    "guestScore": "0",
    "href": "https://lpl.qq.com/es/video_detail.shtml?nid=39675&amp;bMatchId=6931"
}, {
    "state": "已结束",
    "matchTime": "1-20 19:00",
    "type": "2021职业联赛",
    "schedule": "春季赛常规赛 第三周 BO3",
    "homeLogo": "https://img.crawler.qq.com/lolwebvideo/20190523093521/b753e24c05cc53123ce5fa3f3a19162f/0",
    "homeName": "SN",
    "homeScore": "0",
    "guestLogo": "https://img.crawler.qq.com/lolwebvideo/20210104095929/2f3a34a9fb66e22f64595f2c4a43eecf/0",
    "guestName": "RA",
    "guestScore": "2",
    "href": "https://lpl.qq.com/es/video_detail.shtml?nid=39677&amp;bMatchId=6932"
}, {
    "state": "已结束",
    "matchTime": "1-21 17:00",
    "type": "2021职业联赛",
    "schedule": "春季赛常规赛 第三周 BO3",
    "homeLogo": "https://img.crawler.qq.com/lolwebvideo/20201210152623/0f0fb4018317e1debb9a61b4072ce24d/0",
    "homeName": "TT",
    "homeScore": "0",
    "guestLogo": "https://img.crawler.qq.com/lolwebvideo/201712250188/69671596f47d00853d23848ed34bc278/0",
    "guestName": "西安WE",
    "guestScore": "2",
    "href": "https://lpl.qq.com/es/video_detail.shtml?nid=39700&amp;bMatchId=6933"
}, {
    "state": "已结束",
    "matchTime": "1-21 19:00",
    "type": "2021职业联赛",
    "schedule": "春季赛常规赛 第三周 BO3",
    "homeLogo": "https://img.crawler.qq.com/lolwebvideo/20210106161237/bafc101b6a9064be21b83d50b149bb37/0",
    "homeName": "OMG",
    "homeScore": "0",
    "guestLogo": "https://img.crawler.qq.com/lolwebvideo/20180925105909/296e9851a4a4ad7d170a6b103006d045/0",
    "guestName": "RNG",
    "guestScore": "2",
    "href": "https://lpl.qq.com/es/video_detail.shtml?nid=39702&amp;bMatchId=6934"
}, {
    "state": "已结束",
    "matchTime": "1-22 17:00",
    "type": "2021职业联赛",
    "schedule": "春季赛常规赛 第三周 BO3",
    "homeLogo": "https://img.crawler.qq.com/lolwebvideo/20210104095929/2f3a34a9fb66e22f64595f2c4a43eecf/0",
    "homeName": "RA",
    "homeScore": "0",
    "guestLogo": "https://img.crawler.qq.com/lolwebvideo/20190124200637/8064b602192b33ef59101501e69bf15e/0",
    "guestName": "BLG",
    "guestScore": "2",
    "href": "https://lpl.qq.com/es/video_detail.shtml?nid=39706&amp;bMatchId=6935"
}, {
    "state": "已结束",
    "matchTime": "1-22 19:00",
    "type": "2021职业联赛",
    "schedule": "春季赛常规赛 第三周 BO3",
    "homeLogo": "https://img.crawler.qq.com/lolwebvideo/20180925110059/69d20800d8dad53348ff74ce3d1ab737/0",
    "homeName": "EDG",
    "homeScore": "2",
    "guestLogo": "https://img.crawler.qq.com/lolwebvideo/20190523093050/f63d37cbc3810f2f9e8fb5688dd40254/0",
    "guestName": "北京JDG",
    "guestScore": "0",
    "href": "https://lpl.qq.com/es/video_detail.shtml?nid=39708&amp;bMatchId=6936"
}, {
    "state": "已结束",
    "matchTime": "1-23 17:00",
    "type": "2021职业联赛",
    "schedule": "春季赛常规赛 第三周 BO3",
    "homeLogo": "https://img.crawler.qq.com/lolwebvideo/20190527161755/35a13fdc75e5fb0b047de7a9bf670463/0",
    "homeName": "TES",
    "homeScore": "2",
    "guestLogo": "https://img.crawler.qq.com/lolwebvideo/20210109181904/0d8c3963b36b2516ccf669b34a3bfc23/0",
    "guestName": "杭州LGD",
    "guestScore": "0",
    "href": "https://lpl.qq.com/es/video_detail.shtml?nid=39715&amp;bMatchId=6937"
}, {
    "state": "已结束",
    "matchTime": "1-23 19:00",
    "type": "2021职业联赛",
    "schedule": "春季赛常规赛 第三周 BO3",
    "homeLogo": "https://img.crawler.qq.com/lolwebvideo/20190908174443/f40e23c19e85c9b3c50a3ed36e84ff41/0",
    "homeName": "FPX",
    "homeScore": "2",
    "guestLogo": "https://img.crawler.qq.com/lolwebvideo/20190523093521/b753e24c05cc53123ce5fa3f3a19162f/0",
    "guestName": "SN",
    "guestScore": "0",
    "href": "https://lpl.qq.com/es/video_detail.shtml?nid=39721&amp;bMatchId=6938"
}, {
    "state": "已结束",
    "matchTime": "1-24 17:00",
    "type": "2021职业联赛",
    "schedule": "春季赛常规赛 第三周 BO3",
    "homeLogo": "https://img.crawler.qq.com/lolwebvideo/20191219183242/2dfd89057429b22ca94b6d4f5b688f2e/0",
    "homeName": "RW",
    "homeScore": "0",
    "guestLogo": "https://img.crawler.qq.com/lolwebvideo/20181224214105/448aac8501e04a27db7594cb1f441c17/0",
    "guestName": "深圳V5",
    "guestScore": "2",
    "href": "https://lpl.qq.com/es/video_detail.shtml?nid=39729&amp;bMatchId=6939"
}, {
    "state": "已结束",
    "matchTime": "1-24 19:00",
    "type": "2021职业联赛",
    "schedule": "春季赛常规赛 第三周 BO3",
    "homeLogo": "https://img.crawler.qq.com/lolwebvideo/20190523092402/2810b9519c64ef7cbcdb9a6cb981798d/0",
    "homeName": "苏州LNG",
    "homeScore": "0",
    "guestLogo": "https://img.crawler.qq.com/lolwebvideo/201712250188/69671596f47d00853d23848ed34bc278/0",
    "guestName": "西安WE",
    "guestScore": "2",
    "href": "https://lpl.qq.com/es/video_detail.shtml?nid=39735&amp;bMatchId=6940"
}, {
    "state": "已结束",
    "matchTime": "1-25 17:00",
    "type": "2021职业联赛",
    "schedule": "春季赛常规赛 第四周 BO3",
    "homeLogo": "https://img.crawler.qq.com/lolwebvideo/20180925110059/69d20800d8dad53348ff74ce3d1ab737/0",
    "homeName": "EDG",
    "homeScore": "2",
    "guestLogo": "https://img.crawler.qq.com/lolwebvideo/20201210152623/0f0fb4018317e1debb9a61b4072ce24d/0",
    "guestName": "TT",
    "guestScore": "0",
    "href": "https://lpl.qq.com/es/video_detail.shtml?nid=39746&amp;bMatchId=6941"
}, {
    "state": "已结束",
    "matchTime": "1-25 19:00",
    "type": "2021职业联赛",
    "schedule": "春季赛常规赛 第四周 BO3",
    "homeLogo": "https://img.crawler.qq.com/lolwebvideo/20190523093050/f63d37cbc3810f2f9e8fb5688dd40254/0",
    "homeName": "北京JDG",
    "homeScore": "2",
    "guestLogo": "https://img.crawler.qq.com/lolwebvideo/20210104095929/2f3a34a9fb66e22f64595f2c4a43eecf/0",
    "guestName": "RA",
    "guestScore": "0",
    "href": "https://lpl.qq.com/es/video_detail.shtml?nid=39748&amp;bMatchId=6942"
}, {
    "state": "已结束",
    "matchTime": "1-26 17:00",
    "type": "2021职业联赛",
    "schedule": "春季赛常规赛 第四周 BO3",
    "homeLogo": "https://img.crawler.qq.com/lolwebvideo/20180925105909/296e9851a4a4ad7d170a6b103006d045/0",
    "homeName": "RNG",
    "homeScore": "2",
    "guestLogo": "https://img.crawler.qq.com/lolwebvideo/20181224214105/448aac8501e04a27db7594cb1f441c17/0",
    "guestName": "深圳V5",
    "guestScore": "1",
    "href": "https://lpl.qq.com/es/video_detail.shtml?nid=39771&amp;bMatchId=6943"
}, {
    "state": "已结束",
    "matchTime": "1-26 19:00",
    "type": "2021职业联赛",
    "schedule": "春季赛常规赛 第四周 BO3",
    "homeLogo": "https://img.crawler.qq.com/lolwebvideo/20190523092402/2810b9519c64ef7cbcdb9a6cb981798d/0",
    "homeName": "苏州LNG",
    "homeScore": "2",
    "guestLogo": "https://img.crawler.qq.com/lolwebvideo/20190124200637/8064b602192b33ef59101501e69bf15e/0",
    "guestName": "BLG",
    "guestScore": "1",
    "href": "https://lpl.qq.com/es/video_detail.shtml?nid=39780&amp;bMatchId=6944"
}, {
    "state": "已结束",
    "matchTime": "1-27 17:00",
    "type": "2021职业联赛",
    "schedule": "春季赛常规赛 第四周 BO3",
    "homeLogo": "https://img.crawler.qq.com/lolwebvideo/20191231162703/32922a2abc9923fddfffed0c55ad7025/0",
    "homeName": "ES",
    "homeScore": "0",
    "guestLogo": "https://img.crawler.qq.com/lolwebvideo/20190908174443/f40e23c19e85c9b3c50a3ed36e84ff41/0",
    "guestName": "FPX",
    "guestScore": "2",
    "href": "https://lpl.qq.com/es/video_detail.shtml?nid=39784&amp;bMatchId=6945"
}, {
    "state": "已结束",
    "matchTime": "1-27 19:00",
    "type": "2021职业联赛",
    "schedule": "春季赛常规赛 第四周 BO3",
    "homeLogo": "https://img.crawler.qq.com/lolwebvideo/20190424151401/5985071337c7c4a785fbbdd3b8a75ae8/0",
    "homeName": "IG",
    "homeScore": "2",
    "guestLogo": "https://img.crawler.qq.com/lolwebvideo/20191219183242/2dfd89057429b22ca94b6d4f5b688f2e/0",
    "guestName": "RW",
    "guestScore": "0",
    "href": "https://lpl.qq.com/es/video_detail.shtml?nid=39790&amp;bMatchId=6946"
}, {
    "state": "已结束",
    "matchTime": "1-28 17:00",
    "type": "2021职业联赛",
    "schedule": "春季赛常规赛 第四周 BO3",
    "homeLogo": "https://img.crawler.qq.com/lolwebvideo/20210109181904/0d8c3963b36b2516ccf669b34a3bfc23/0",
    "homeName": "杭州LGD",
    "homeScore": "0",
    "guestLogo": "https://img.crawler.qq.com/lolwebvideo/20190124200637/8064b602192b33ef59101501e69bf15e/0",
    "guestName": "BLG",
    "guestScore": "2",
    "href": "https://lpl.qq.com/es/video_detail.shtml?nid=39844&amp;bMatchId=6947"
}, {
    "state": "已结束",
    "matchTime": "1-28 19:00",
    "type": "2021职业联赛",
    "schedule": "春季赛常规赛 第四周 BO3",
    "homeLogo": "https://img.crawler.qq.com/lolwebvideo/20210106161237/bafc101b6a9064be21b83d50b149bb37/0",
    "homeName": "OMG",
    "homeScore": "0",
    "guestLogo": "https://img.crawler.qq.com/lolwebvideo/20190523093521/b753e24c05cc53123ce5fa3f3a19162f/0",
    "guestName": "SN",
    "guestScore": "2",
    "href": "https://lpl.qq.com/es/video_detail.shtml?nid=39850&amp;bMatchId=6948"
}, {
    "state": "未开始",
    "matchTime": "1-29 17:00",
    "type": "2021职业联赛",
    "schedule": "春季赛常规赛 第四周 BO3",
    "homeLogo": "https://img.crawler.qq.com/lolwebvideo/20191231162703/32922a2abc9923fddfffed0c55ad7025/0",
    "homeName": "ES",
    "homeScore": "0",
    "guestLogo": "https://img.crawler.qq.com/lolwebvideo/20190523092402/2810b9519c64ef7cbcdb9a6cb981798d/0",
    "guestName": "苏州LNG",
    "guestScore": "0",
    "href": ""
}, {
    "state": "未开始",
    "matchTime": "1-29 19:00",
    "type": "2021职业联赛",
    "schedule": "春季赛常规赛 第四周 BO3",
    "homeLogo": "https://img.crawler.qq.com/lolwebvideo/201712250188/69671596f47d00853d23848ed34bc278/0",
    "homeName": "西安WE",
    "homeScore": "0",
    "guestLogo": "https://img.crawler.qq.com/lolwebvideo/20180925105909/296e9851a4a4ad7d170a6b103006d045/0",
    "guestName": "RNG",
    "guestScore": "0",
    "href": ""
}, {
    "state": "未开始",
    "matchTime": "1-30 17:00",
    "type": "2021职业联赛",
    "schedule": "春季赛常规赛 第四周 BO3",
    "homeLogo": "https://img.crawler.qq.com/lolwebvideo/20201210152623/0f0fb4018317e1debb9a61b4072ce24d/0",
    "homeName": "TT",
    "homeScore": "0",
    "guestLogo": "https://img.crawler.qq.com/lolwebvideo/20181224214105/448aac8501e04a27db7594cb1f441c17/0",
    "guestName": "深圳V5",
    "guestScore": "0",
    "href": ""
}, {
    "state": "未开始",
    "matchTime": "1-30 19:00",
    "type": "2021职业联赛",
    "schedule": "春季赛常规赛 第四周 BO3",
    "homeLogo": "https://img.crawler.qq.com/lolwebvideo/20190424151401/5985071337c7c4a785fbbdd3b8a75ae8/0",
    "homeName": "IG",
    "homeScore": "0",
    "guestLogo": "https://img.crawler.qq.com/lolwebvideo/20190908174443/f40e23c19e85c9b3c50a3ed36e84ff41/0",
    "guestName": "FPX",
    "guestScore": "0",
    "href": ""
}, {
    "state": "未开始",
    "matchTime": "1-31 17:00",
    "type": "2021职业联赛",
    "schedule": "春季赛常规赛 第四周 BO3",
    "homeLogo": "https://img.crawler.qq.com/lolwebvideo/20210104095929/2f3a34a9fb66e22f64595f2c4a43eecf/0",
    "homeName": "RA",
    "homeScore": "0",
    "guestLogo": "https://img.crawler.qq.com/lolwebvideo/20191219183242/2dfd89057429b22ca94b6d4f5b688f2e/0",
    "guestName": "RW",
    "guestScore": "0",
    "href": ""
}, {
    "state": "未开始",
    "matchTime": "1-31 19:00",
    "type": "2021职业联赛",
    "schedule": "春季赛常规赛 第四周 BO3",
    "homeLogo": "https://img.crawler.qq.com/lolwebvideo/20190527161755/35a13fdc75e5fb0b047de7a9bf670463/0",
    "homeName": "TES",
    "homeScore": "0",
    "guestLogo": "https://img.crawler.qq.com/lolwebvideo/20190523093050/f63d37cbc3810f2f9e8fb5688dd40254/0",
    "guestName": "北京JDG",
    "guestScore": "0",
    "href": ""
}, {
    "state": "未开始",
    "matchTime": "2-01 17:00",
    "type": "2021职业联赛",
    "schedule": "春季赛常规赛 第五周 BO3",
    "homeLogo": "https://img.crawler.qq.com/lolwebvideo/20190523093521/b753e24c05cc53123ce5fa3f3a19162f/0",
    "homeName": "SN",
    "homeScore": "0",
    "guestLogo": "https://img.crawler.qq.com/lolwebvideo/20210109181904/0d8c3963b36b2516ccf669b34a3bfc23/0",
    "guestName": "杭州LGD",
    "guestScore": "0",
    "href": ""
}, {
    "state": "未开始",
    "matchTime": "2-01 19:00",
    "type": "2021职业联赛",
    "schedule": "春季赛常规赛 第五周 BO3",
    "homeLogo": "https://img.crawler.qq.com/lolwebvideo/20190124200637/8064b602192b33ef59101501e69bf15e/0",
    "homeName": "BLG",
    "homeScore": "0",
    "guestLogo": "https://img.crawler.qq.com/lolwebvideo/20180925105909/296e9851a4a4ad7d170a6b103006d045/0",
    "guestName": "RNG",
    "guestScore": "0",
    "href": ""
}, {
    "state": "未开始",
    "matchTime": "2-02 17:00",
    "type": "2021职业联赛",
    "schedule": "春季赛常规赛 第五周 BO3",
    "homeLogo": "https://img.crawler.qq.com/lolwebvideo/20210104095929/2f3a34a9fb66e22f64595f2c4a43eecf/0",
    "homeName": "RA",
    "homeScore": "0",
    "guestLogo": "https://img.crawler.qq.com/lolwebvideo/201712250188/69671596f47d00853d23848ed34bc278/0",
    "guestName": "西安WE",
    "guestScore": "0",
    "href": ""
}, {
    "state": "未开始",
    "matchTime": "2-02 19:00",
    "type": "2021职业联赛",
    "schedule": "春季赛常规赛 第五周 BO3",
    "homeLogo": "https://img.crawler.qq.com/lolwebvideo/20181224214105/448aac8501e04a27db7594cb1f441c17/0",
    "homeName": "深圳V5",
    "homeScore": "0",
    "guestLogo": "https://img.crawler.qq.com/lolwebvideo/20180925110059/69d20800d8dad53348ff74ce3d1ab737/0",
    "guestName": "EDG",
    "guestScore": "0",
    "href": ""
}, {
    "state": "未开始",
    "matchTime": "2-03 17:00",
    "type": "2021职业联赛",
    "schedule": "春季赛常规赛 第五周 BO3",
    "homeLogo": "https://img.crawler.qq.com/lolwebvideo/20191231162703/32922a2abc9923fddfffed0c55ad7025/0",
    "homeName": "ES",
    "homeScore": "0",
    "guestLogo": "https://img.crawler.qq.com/lolwebvideo/20201210152623/0f0fb4018317e1debb9a61b4072ce24d/0",
    "guestName": "TT",
    "guestScore": "0",
    "href": ""
}, {
    "state": "未开始",
    "matchTime": "2-03 19:00",
    "type": "2021职业联赛",
    "schedule": "春季赛常规赛 第五周 BO3",
    "homeLogo": "https://img.crawler.qq.com/lolwebvideo/20190523093050/f63d37cbc3810f2f9e8fb5688dd40254/0",
    "homeName": "北京JDG",
    "homeScore": "0",
    "guestLogo": "https://img.crawler.qq.com/lolwebvideo/20191219183242/2dfd89057429b22ca94b6d4f5b688f2e/0",
    "guestName": "RW",
    "guestScore": "0",
    "href": ""
}, {
    "state": "未开始",
    "matchTime": "2-04 17:00",
    "type": "2021职业联赛",
    "schedule": "春季赛常规赛 第五周 BO3",
    "homeLogo": "https://img.crawler.qq.com/lolwebvideo/20190424151401/5985071337c7c4a785fbbdd3b8a75ae8/0",
    "homeName": "IG",
    "homeScore": "0",
    "guestLogo": "https://img.crawler.qq.com/lolwebvideo/20210106161237/bafc101b6a9064be21b83d50b149bb37/0",
    "guestName": "OMG",
    "guestScore": "0",
    "href": ""
}, {
    "state": "未开始",
    "matchTime": "2-04 19:00",
    "type": "2021职业联赛",
    "schedule": "春季赛常规赛 第五周 BO3",
    "homeLogo": "https://img.crawler.qq.com/lolwebvideo/20190908174443/f40e23c19e85c9b3c50a3ed36e84ff41/0",
    "homeName": "FPX",
    "homeScore": "0",
    "guestLogo": "https://img.crawler.qq.com/lolwebvideo/20190523092402/2810b9519c64ef7cbcdb9a6cb981798d/0",
    "guestName": "苏州LNG",
    "guestScore": "0",
    "href": ""
}, {
    "state": "未开始",
    "matchTime": "2-05 17:00",
    "type": "2021职业联赛",
    "schedule": "春季赛常规赛 第五周 BO3",
    "homeLogo": "https://img.crawler.qq.com/lolwebvideo/20210109181904/0d8c3963b36b2516ccf669b34a3bfc23/0",
    "homeName": "杭州LGD",
    "homeScore": "0",
    "guestLogo": "https://img.crawler.qq.com/lolwebvideo/20201210152623/0f0fb4018317e1debb9a61b4072ce24d/0",
    "guestName": "TT",
    "guestScore": "0",
    "href": ""
}, {
    "state": "未开始",
    "matchTime": "2-05 19:00",
    "type": "2021职业联赛",
    "schedule": "春季赛常规赛 第五周 BO3",
    "homeLogo": "https://img.crawler.qq.com/lolwebvideo/20180925110059/69d20800d8dad53348ff74ce3d1ab737/0",
    "homeName": "EDG",
    "homeScore": "0",
    "guestLogo": "https://img.crawler.qq.com/lolwebvideo/20190523093521/b753e24c05cc53123ce5fa3f3a19162f/0",
    "guestName": "SN",
    "guestScore": "0",
    "href": ""
}, {
    "state": "未开始",
    "matchTime": "2-06 15:00",
    "type": "2021职业联赛",
    "schedule": "春季赛常规赛 第五周 BO3",
    "homeLogo": "https://img.crawler.qq.com/lolwebvideo/20190124200637/8064b602192b33ef59101501e69bf15e/0",
    "homeName": "BLG",
    "homeScore": "0",
    "guestLogo": "https://img.crawler.qq.com/lolwebvideo/20210106161237/bafc101b6a9064be21b83d50b149bb37/0",
    "guestName": "OMG",
    "guestScore": "0",
    "href": ""
}, {
    "state": "未开始",
    "matchTime": "2-06 17:00",
    "type": "2021职业联赛",
    "schedule": "春季赛常规赛 第五周 BO3",
    "homeLogo": "https://img.crawler.qq.com/lolwebvideo/20190523093050/f63d37cbc3810f2f9e8fb5688dd40254/0",
    "homeName": "北京JDG",
    "homeScore": "0",
    "guestLogo": "https://img.crawler.qq.com/lolwebvideo/201712250188/69671596f47d00853d23848ed34bc278/0",
    "guestName": "西安WE",
    "guestScore": "0",
    "href": ""
}, {
    "state": "未开始",
    "matchTime": "2-06 19:00",
    "type": "2021职业联赛",
    "schedule": "春季赛常规赛 第五周 BO3",
    "homeLogo": "https://img.crawler.qq.com/lolwebvideo/20190908174443/f40e23c19e85c9b3c50a3ed36e84ff41/0",
    "homeName": "FPX",
    "homeScore": "0",
    "guestLogo": "https://img.crawler.qq.com/lolwebvideo/20190527161755/35a13fdc75e5fb0b047de7a9bf670463/0",
    "guestName": "TES",
    "guestScore": "0",
    "href": ""
}, {
    "state": "未开始",
    "matchTime": "2-07 15:00",
    "type": "2021职业联赛",
    "schedule": "春季赛常规赛 第五周 BO3",
    "homeLogo": "https://img.crawler.qq.com/lolwebvideo/20190523092402/2810b9519c64ef7cbcdb9a6cb981798d/0",
    "homeName": "苏州LNG",
    "homeScore": "0",
    "guestLogo": "https://img.crawler.qq.com/lolwebvideo/20210104095929/2f3a34a9fb66e22f64595f2c4a43eecf/0",
    "guestName": "RA",
    "guestScore": "0",
    "href": ""
}, {
    "state": "未开始",
    "matchTime": "2-07 17:00",
    "type": "2021职业联赛",
    "schedule": "春季赛常规赛 第五周 BO3",
    "homeLogo": "https://img.crawler.qq.com/lolwebvideo/20181224214105/448aac8501e04a27db7594cb1f441c17/0",
    "homeName": "深圳V5",
    "homeScore": "0",
    "guestLogo": "https://img.crawler.qq.com/lolwebvideo/20191231162703/32922a2abc9923fddfffed0c55ad7025/0",
    "guestName": "ES",
    "guestScore": "0",
    "href": ""
}, {
    "state": "未开始",
    "matchTime": "2-07 19:00",
    "type": "2021职业联赛",
    "schedule": "春季赛常规赛 第五周 BO3",
    "homeLogo": "https://img.crawler.qq.com/lolwebvideo/20190424151401/5985071337c7c4a785fbbdd3b8a75ae8/0",
    "homeName": "IG",
    "homeScore": "0",
    "guestLogo": "https://img.crawler.qq.com/lolwebvideo/20180925105909/296e9851a4a4ad7d170a6b103006d045/0",
    "guestName": "RNG",
    "guestScore": "0",
    "href": ""
}]