[{
    "name": "综合",
    "data": [{
        "title": "2021福牛贺岁",
        "href": "https://lol.qq.com/act/a20210122lunarpresent/index.html?docid=15994097867381599545",
        "time": "",
        "type": "新闻"
    }, {
        "title": "问拳头：开发者的教训",
        "href": "https://lol.qq.com/news/detail.shtml?docid=12717294699245043737",
        "time": "01-29",
        "type": "新闻"
    }, {
        "title": "英雄剖析：佛耶戈",
        "href": "https://lol.qq.com/news/detail.shtml?docid=13940307264722707250",
        "time": "01-22",
        "type": "新闻"
    }, {
        "title": "11.2版本更新公告：破败之王佛耶戈登场！",
        "href": "http://lol.qq.com/gicp/news/410/34169937.html?docid=4402722715588382486",
        "time": "01-20",
        "type": "公告"
    }, {
        "title": "命运之轮云顶宝典第II期 现已开启",
        "href": "https://lol.qq.com/news/detail.shtml?docid=5530130789669444555",
        "time": "01-20",
        "type": "新闻"
    }, {
        "title": "云顶之弈命运之轮季中更新：欢迎来到瑞兽闹新春",
        "href": "http://lol.qq.com/gicp/news/662/34169900.html?docid=6920871485613967820",
        "time": "01-20",
        "type": "公告"
    }, {
        "title": "【云顶之弈】福牛俱乐部棋盘 DJ牛在线打碟",
        "href": "https://lol.qq.com/v/v2/detail.shtml?docid=16022278354372868652",
        "time": "01-20",
        "type": "视频"
    }]
}, {
    "name": "公告",
    "data": [{
        "title": "2021福牛贺岁",
        "href": "https://lol.qq.com/act/a20210122lunarpresent/index.html?docid=15994097867381599545",
        "time": "",
        "type": "新闻"
    }, {
        "title": "山海绘卷 现已上线",
        "href": "https://lol.qq.com/news/detail.shtml?docid=13371709803881867177",
        "time": "01-28",
        "type": "公告"
    }, {
        "title": "牛气冲天迎新春精选皮肤限时五折",
        "href": "https://lol.qq.com/news/detail.shtml?docid=2652964596810760101",
        "time": "01-27",
        "type": "公告"
    }, {
        "title": "1月29日周免英雄更新公告",
        "href": "https://web-static.palwo.com/test/a20200421weekfree/index.html?siteId=487&amp;docid=5237902823836057807",
        "time": "01-27",
        "type": "公告"
    }, {
        "title": "2021年1月27日不停机更新公告",
        "href": "https://lol.qq.com/news/detail.shtml?docid=4973362574137830871",
        "time": "01-27",
        "type": "公告"
    }, {
        "title": "游戏环境公示及处罚名单1月25日",
        "href": "https://lol.qq.com/news/detail.shtml?docid=16248673604292635000",
        "time": "01-25",
        "type": "公告"
    }, {
        "title": "2021年1月22日不停机更新公告",
        "href": "https://lol.qq.com/news/detail.shtml?docid=7426848993631549075",
        "time": "01-22",
        "type": "公告"
    }]
}, {
    "name": "赛事",
    "data": [{
        "title": "【TheShy/Nuguri】最强上单之争！",
        "href": "https://lol.qq.com/v/v2/detail.shtml?docid=8043126915824199186",
        "time": "",
        "type": "新闻"
    }, {
        "title": "LPL春季赛1月30日首发名单，冠军周末强强对决",
        "href": "https://lol.qq.com/news/detail.shtml?docid=13988117023139729111",
        "time": "01-29",
        "type": "赛事"
    }, {
        "title": "小姐姐高能日语翻唱助威 能量拉满迎接冠军周末！",
        "href": "https://lol.qq.com/v/v2/detail.shtml?docid=5590712036594149462",
        "time": "01-29",
        "type": "视频"
    }, {
        "title": "峡谷第一线：&nbsp;DOINB招牌克烈率队冲锋",
        "href": "https://lol.qq.com/v/v2/detail.shtml?docid=9757197887941057784",
        "time": "01-29",
        "type": "视频"
    }, {
        "title": "2021LPL春季赛第四周赛事预热：冠军周末",
        "href": "https://lol.qq.com/v/v2/detail.shtml?docid=17208888285998762914",
        "time": "01-29",
        "type": "视频"
    }, {
        "title": "TOP5：ANGEL禁军之墙横隔如天堑",
        "href": "https://lol.qq.com/v/v2/detail.shtml?docid=17845293986310347659",
        "time": "01-29",
        "type": "视频"
    }, {
        "title": "2021LPL春季赛品牌宣传片：欢迎来到LPL",
        "href": "https://lol.qq.com/v/v2/detail.shtml?docid=11233414514081756424",
        "time": "01-29",
        "type": "视频"
    }]
}, {
    "name": "攻略",
    "data": [{
        "title": "11.2版本答案：新英雄佛耶戈王者的出装思路，技巧细节教学",
        "href": "https://lol.qq.com/v/v2/detail.shtml?docid=14433572461332668300",
        "time": "",
        "type": "新闻"
    }, {
        "title": "Ac教你玩游戏-爱萝莉实在是太好了！",
        "href": "https://lol.qq.com/news/detail.shtml?docid=2208812107177156946",
        "time": "01-19",
        "type": "新闻"
    }, {
        "title": "【Mafficx】11.2版本诺克萨斯之手全方位大型攻略",
        "href": "https://lol.qq.com/news/detail.shtml?docid=5764652727956052550",
        "time": "01-18",
        "type": "教学"
    }, {
        "title": "塔莉娅妹妹教你玩风女，峡谷第一女王者辅助",
        "href": "https://lol.qq.com/v/v2/detail.shtml?docid=572346722192469046",
        "time": "01-18",
        "type": "视频"
    }, {
        "title": "狮子汪亲笔：暗行者暴击狮子保姆教学！搭配时光最强上分套路！",
        "href": "https://lol.qq.com/news/detail.shtml?docid=13697652201349331784",
        "time": "01-18",
        "type": "教学"
    }, {
        "title": "Ac教你玩游戏-大丈夫能屈能伸战四方",
        "href": "https://lol.qq.com/news/detail.shtml?docid=8574286106679067466",
        "time": "01-17",
        "type": "教学"
    }, {
        "title": "【峡谷上分录】第一个王者！麻瓜夫夏天女枪双排登顶国服！",
        "href": "https://lol.qq.com/news/detail.shtml?docid=1844951674238908546",
        "time": "01-12",
        "type": "教学"
    }]
}, {
    "name": "社区",
    "data": [{
        "title": "云顶S4.5新春瑞兽狂欢 虎牙全明星巅峰之战",
        "href": "https://lol.qq.com/news/detail.shtml?docid=13196705568050897702",
        "time": "",
        "type": "新闻"
    }, {
        "title": "【联盟简史】第9期丨德玛西亚皇子 · 嘉文四世丨绝处逢生的男人",
        "href": "https://lol.qq.com/v/v2/detail.shtml?docid=10288749208951916303",
        "time": "01-29",
        "type": "视频"
    }, {
        "title": "万万没看到：盘点台词里的致敬梗（三）",
        "href": "https://lol.qq.com/news/detail.shtml?docid=10889954271628611198",
        "time": "01-28",
        "type": "娱乐"
    }, {
        "title": "【天克系列05】天克剑姬的英雄是谁？",
        "href": "https://lol.qq.com/v/v2/detail.shtml?docid=13697538140110265747",
        "time": "01-28",
        "type": "视频"
    }, {
        "title": "【联盟硬核脑洞】如果她是你的女朋友",
        "href": "https://lol.qq.com/v/v2/detail.shtml?docid=1126892521865077833",
        "time": "01-27",
        "type": "视频"
    }, {
        "title": "枫语的暗影岛衍变日记——终是君王梦了蝶，她是红颜亦是劫",
        "href": "https://lol.qq.com/news/detail.shtml?docid=2249876150901975703",
        "time": "01-27",
        "type": "娱乐"
    }, {
        "title": "福牛系列迎新春！哞利斯塔助你萌翻全场",
        "href": "https://lol.qq.com/news/detail.shtml?docid=11225399987687343",
        "time": "01-26",
        "type": "娱乐"
    }]
}]