[{
    "title": "兔玩",
    "href": "http://lol.tuwan.com/"
}, {
    "title": "特玩",
    "href": "http://lol.te5.com/"
}, {
    "title": "T-rex",
    "href": "http://www.lolfun.cn/"
}, {
    "title": "大电竞",
    "href": "http://www.dadianjing.cn/"
}, {
    "title": "虎扑电竞",
    "href": "https://gg.hupu.com/"
}, {
    "title": "大咖",
    "href": "http://www.loldk.com/"
}, {
    "title": "多玩",
    "href": "http://lol.duowan.com/"
}, {
    "title": "玩加电竞",
    "href": "https://www.wanplus.com/lol/"
}, {
    "title": "伐木累",
    "href": "http://www.famulei.com/"
}, {
    "title": "捞月狗",
    "href": "https://imgx.lygou.cc/cherry/lol/list"
}, {
    "title": "飞熊TV",
    "href": "http://51lol.feixiong.tv/"
}, {
    "title": "游戏魅",
    "href": "http://www.gamemei.com/yxlm/"
}, {
    "title": "电竞虎",
    "href": "http://www.dianjinghu.com/"
}, {
    "title": "掌游宝",
    "href": "http://l.zhangyoubao.com/"
}, {
    "title": "u9",
    "href": "http://lol.uuu9.com/"
}, {
    "title": "爱拍",
    "href": "http://lol.aipai.com/"
}, {
    "title": "木木不哭",
    "href": "http://www.lolshipin.com/"
}, {
    "title": "NGA",
    "href": "http://bbs.nga.cn/lol"
}, {
    "title": "178",
    "href": "http://lol.178.com/"
}, {
    "title": "锐派",
    "href": "http://lol.replays.net/"
}, {
    "title": "17173",
    "href": "http://lol.17173.com/"
}, {
    "title": "15W",
    "href": "https:lpl.15w.com"
}, {
    "title": "PentaQ",
    "href": "http://www.pentaq.com/"
}, {
    "title": "斗鱼",
    "href": "https://www.douyu.com/g_LOL"
}, {
    "title": "虎牙",
    "href": "http://www.huya.com/g/lol"
}, {
    "title": "神之梯",
    "href": "http://www.titanar.com"
}, {
    "title": "新浪游戏",
    "href": "http://lol.dj.sina.com.cn/"
}, {
    "title": "超凡电竞",
    "href": "https://lol.chaofan.com/"
}]