[{
    "pic": "https://shp.qpic.cn/cms_pic/2680554389/513f9f3bd1b6e284b0340cec5852f2a8/258",
    "title": "血月之主——劫",
    "href": "https://tr.lol.qq.com/fanart/detail.html?contentId=67790",
    "author": "不语",
    "authorHref": "https://tr.lol.qq.com/fanart/space.html?openId=5JHqej7de71jZB7WWji4DA==",
    "fabulous": "12"
}, {
    "pic": "https://shp.qpic.cn/cms_pic/2600146797/c70b54e024a20ff1b5b2603a2058f428/258",
    "title": "月升之时 千珏",
    "href": "https://tr.lol.qq.com/fanart/detail.html?contentId=67789",
    "author": "雨生种",
    "authorHref": "https://tr.lol.qq.com/fanart/space.html?openId=bXe3htjbQEBSFbJTetFxew==",
    "fabulous": "10"
}, {
    "pic": "https://shp.qpic.cn/cms_pic/2580441255/1be34310457b3d514fbfedd07586cd70/258",
    "title": "捣蛋鬼提莫",
    "href": "https://tr.lol.qq.com/fanart/detail.html?contentId=67786",
    "author": "回家吃地三鲜",
    "authorHref": "https://tr.lol.qq.com/fanart/space.html?openId=iHQd5BF8UCiStAjNs1gVrw==",
    "fabulous": "2"
}, {
    "pic": "https://shp.qpic.cn/cms_pic/2670351422/0b47c4116ec106ca3e53580bc453979b/258",
    "title": "女帝的新衣",
    "href": "https://tr.lol.qq.com/fanart/detail.html?contentId=67785",
    "author": "肥皂泡",
    "authorHref": "https://tr.lol.qq.com/fanart/space.html?openId=40QiVH2bS9VPDxJcifx9Fw==",
    "fabulous": "1"
}, {
    "pic": "https://shp.qpic.cn/cms_pic/2600377171/ba3f033f7a16e7fb3fdff85e4bd12cd6/258",
    "title": "很久前摸的萨勒芬妮",
    "href": "https://tr.lol.qq.com/fanart/detail.html?contentId=67784",
    "author": "瑞安·泰鸽",
    "authorHref": "https://tr.lol.qq.com/fanart/space.html?openId=RbT0QQ6S5CUvyJVsIE00Rg==",
    "fabulous": "1"
}, {
    "pic": "https://shp.qpic.cn/cms_pic/2650002051/80f368e51f4e8f0bf1aab9aa1938b3d9/258",
    "title": "蒸汽机器人 布里茨（战损版）",
    "href": "https://tr.lol.qq.com/fanart/detail.html?contentId=67783",
    "author": "兔几上将",
    "authorHref": "https://tr.lol.qq.com/fanart/space.html?openId=ASi3WM4waiuDaHwvKuZgwA==",
    "fabulous": "0"
}, {
    "pic": "https://shp.qpic.cn/cms_pic/2570329613/c755282739bf51c6d5d07ed12031beb7/258",
    "title": "拉克丝",
    "href": "https://tr.lol.qq.com/fanart/detail.html?contentId=67779",
    "author": "莫大杆",
    "authorHref": "https://tr.lol.qq.com/fanart/space.html?openId=vitFJaROEbwdxPgYNW37oA==",
    "fabulous": "8"
}, {
    "pic": "https://shp.qpic.cn/cms_pic/2520057091/c2c23522c24c16b9ff0c883cea9ff165/258",
    "title": "neeko",
    "href": "https://tr.lol.qq.com/fanart/detail.html?contentId=67772",
    "author": "Harold-AN",
    "authorHref": "https://tr.lol.qq.com/fanart/space.html?openId=84dWf/xzgHA0OrpyIYblFw==",
    "fabulous": "3"
}]