[{
    "name": "推荐",
    "data": [{
        "id": "6311026437806849793",
        "title": "TOP5：TheShy炫目攻势 展翅遮白日",
        "playTimes": "1.9万次播放",
        "updateTime": "22小时前",
        "videoLength": "03:03",
        "pic": "https://shp.qpic.cn/cfwebcap/0/d27bddbe370b4fd710de65b35d6996f1/0/"
    }, {
        "id": "5872805607573886908",
        "title": "神雕侠虎：虎子哥弃中转上平步青云 小姿女倾囊相授以身相许",
        "playTimes": "5577次播放",
        "updateTime": "22小时前",
        "videoLength": "06:22",
        "pic": "https://img.tgl.qq.com/cover/20210128/df65f9cb7cf408f461e9ad3fedfab2a0_1611795641.jpg",
        "background": [
            "https://puui.qpic.cn/vpic/0/v32248jj56x_640_360_1.jpg/0",
            "https://puui.qpic.cn/vpic/0/v32248jj56x_640_360_2.jpg/0",
            "https://puui.qpic.cn/vpic/0/v32248jj56x_640_360_3.jpg/0",
            "https://puui.qpic.cn/vpic/0/v32248jj56x_640_360_4.jpg/0",
            "https://puui.qpic.cn/vpic/0/v32248jj56x_640_360_5.jpg/0",
            "https://puui.qpic.cn/vpic/0/v32248jj56x_640_360_6.jpg/0",
            "https://puui.qpic.cn/vpic/0/v32248jj56x_640_360_7.jpg/0",
            "https://puui.qpic.cn/vpic/0/v32248jj56x_640_360_8.jpg/0"
        ]
    }, {
        "id": "6133375445848063922",
        "title": "一分钟让小姐姐对你终身难忘，厉害了我的哥！",
        "playTimes": "2748次播放",
        "updateTime": "2021-01-23",
        "videoLength": "01:41",
        "pic": "https://puui.qpic.cn/qqvideo_ori/0/t3222jvrcgl_496_280/0",
        "background": [
            "https://puui.qpic.cn/vpic/0/t3222jvrcgl_640_360_1.jpg/0",
            "https://puui.qpic.cn/vpic/0/t3222jvrcgl_640_360_2.jpg/0",
            "https://puui.qpic.cn/vpic/0/t3222jvrcgl_640_360_3.jpg/0",
            "https://puui.qpic.cn/vpic/0/t3222jvrcgl_640_360_4.jpg/0",
            "https://puui.qpic.cn/vpic/0/t3222jvrcgl_640_360_5.jpg/0",
            "https://puui.qpic.cn/vpic/0/t3222jvrcgl_640_360_6.jpg/0",
            "https://puui.qpic.cn/vpic/0/t3222jvrcgl_640_360_7.jpg/0",
            "https://puui.qpic.cn/vpic/0/t3222jvrcgl_640_360_8.jpg/0"
        ]
    }, {
        "id": "7003562742767431789",
        "title": "【联盟食神】精彩的打野博弈，杰斯：还好我技高一筹",
        "playTimes": "8358次播放",
        "updateTime": "2021-01-24",
        "videoLength": "05:39",
        "pic": "https://img.tgl.qq.com/cover/20210124/db5e15094f655fa765fe0fad664b7d0a_1611437096.png",
        "background": [
            "https://puui.qpic.cn/vpic/0/l3223rnmqmd_640_360_1.jpg/0",
            "https://puui.qpic.cn/vpic/0/l3223rnmqmd_640_360_2.jpg/0",
            "https://puui.qpic.cn/vpic/0/l3223rnmqmd_640_360_3.jpg/0",
            "https://puui.qpic.cn/vpic/0/l3223rnmqmd_640_360_4.jpg/0",
            "https://puui.qpic.cn/vpic/0/l3223rnmqmd_640_360_5.jpg/0",
            "https://puui.qpic.cn/vpic/0/l3223rnmqmd_640_360_6.jpg/0",
            "https://puui.qpic.cn/vpic/0/l3223rnmqmd_640_360_7.jpg/0",
            "https://puui.qpic.cn/vpic/0/l3223rnmqmd_640_360_8.jpg/0"
        ]
    }, {
        "id": "18095813607236755598",
        "title": "诗仙女一晚排位被秒20把，若指导：破坏游戏平衡的行为该停了！",
        "playTimes": "3973次播放",
        "updateTime": "2021-01-22",
        "videoLength": "01:14",
        "pic": "https://img.tgl.qq.com/cover/20210122/9d81d75558a6cd0f3a2030262097007f_1611328138.png"
    }, {
        "id": "9233238047223912892",
        "title": "0113 舞舞轩轩 小丑辅助恶心下路，主播你玩这种贱不呲咧的英雄有加成",
        "playTimes": "6197次播放",
        "updateTime": "2021-01-23",
        "videoLength": "07:40",
        "pic": "https://puui.qpic.cn/qqvideo_ori/0/v3222aoxind_496_280/0",
        "background": [
            "https://puui.qpic.cn/vpic/0/v3222aoxind_640_360_1.jpg/0",
            "https://puui.qpic.cn/vpic/0/v3222aoxind_640_360_2.jpg/0",
            "https://puui.qpic.cn/vpic/0/v3222aoxind_640_360_3.jpg/0",
            "https://puui.qpic.cn/vpic/0/v3222aoxind_640_360_4.jpg/0",
            "https://puui.qpic.cn/vpic/0/v3222aoxind_640_360_5.jpg/0",
            "https://puui.qpic.cn/vpic/0/v3222aoxind_640_360_6.jpg/0",
            "https://puui.qpic.cn/vpic/0/v3222aoxind_640_360_7.jpg/0",
            "https://puui.qpic.cn/vpic/0/v3222aoxind_640_360_8.jpg/0"
        ]
    }, {
        "id": "13397645480717351405",
        "title": "WE率先占好地形拿到远古巨龙，LNG侧翼干扰不成，反被击杀四人",
        "playTimes": "817次播放",
        "updateTime": "2021-01-26",
        "videoLength": "00:56",
        "pic": "https://img.tgl.qq.com/cover/20210126/cc24bfb8bb640f17722475e1f98925db_1611663393.jpg",
        "background": [
            "https://puui.qpic.cn/vpic/0/y32241ubhhp_640_360_1.jpg/0",
            "https://puui.qpic.cn/vpic/0/y32241ubhhp_640_360_2.jpg/0",
            "https://puui.qpic.cn/vpic/0/y32241ubhhp_640_360_3.jpg/0",
            "https://puui.qpic.cn/vpic/0/y32241ubhhp_640_360_4.jpg/0",
            "https://puui.qpic.cn/vpic/0/y32241ubhhp_640_360_5.jpg/0",
            "https://puui.qpic.cn/vpic/0/y32241ubhhp_640_360_6.jpg/0",
            "https://puui.qpic.cn/vpic/0/y32241ubhhp_640_360_7.jpg/0",
            "https://puui.qpic.cn/vpic/0/y32241ubhhp_640_360_8.jpg/0"
        ]
    }, {
        "id": "16508845926643790955",
        "title": "新英雄佛耶戈打野速4教学，Q后的两下平A最为关键",
        "playTimes": "2325次播放",
        "updateTime": "21小时前",
        "videoLength": "01:09",
        "pic": "https://puui.qpic.cn/qqvideo_ori/0/r3224sp91vu_496_280/0",
        "background": [
            "https://puui.qpic.cn/vpic/0/r3224sp91vu_640_360_1.jpg/0",
            "https://puui.qpic.cn/vpic/0/r3224sp91vu_640_360_2.jpg/0",
            "https://puui.qpic.cn/vpic/0/r3224sp91vu_640_360_3.jpg/0",
            "https://puui.qpic.cn/vpic/0/r3224sp91vu_640_360_4.jpg/0",
            "https://puui.qpic.cn/vpic/0/r3224sp91vu_640_360_5.jpg/0",
            "https://puui.qpic.cn/vpic/0/r3224sp91vu_640_360_6.jpg/0",
            "https://puui.qpic.cn/vpic/0/r3224sp91vu_640_360_7.jpg/0",
            "https://puui.qpic.cn/vpic/0/r3224sp91vu_640_360_8.jpg/0"
        ]
    }]
}, {
    "name": "官方",
    "data": [{
        "id": "17318441984105575669",
        "pic": "https://puui.qpic.cn/vpic/0/v3223uo4iv7.png/0",
        "title": "瑞兽闹新春版本新增小小英雄全三星展示",
        "playTimes": "3337次播放",
        "updateTime": "2021-01-23",
        "videoLength": "03:20"
    }, {
        "id": "959184101155843326",
        "pic": "https://puui.qpic.cn/qqvideo_ori/0/q3223xmhi2u_496_280/0",
        "title": "新英雄佛耶戈介绍",
        "playTimes": "8435次播放",
        "updateTime": "2021-01-22",
        "videoLength": "05:28",
        "background": ["https://puui.qpic.cn/vpic/0/q3223xmhi2u_640_360_1.jpg/0", "https://puui.qpic.cn/vpic/0/q3223xmhi2u_640_360_2.jpg/0", "https://puui.qpic.cn/vpic/0/q3223xmhi2u_640_360_3.jpg/0", "https://puui.qpic.cn/vpic/0/q3223xmhi2u_640_360_4.jpg/0", "https://puui.qpic.cn/vpic/0/q3223xmhi2u_640_360_5.jpg/0", "https://puui.qpic.cn/vpic/0/q3223xmhi2u_640_360_6.jpg/0", "https://puui.qpic.cn/vpic/0/q3223xmhi2u_640_360_7.jpg/0", "https://puui.qpic.cn/vpic/0/q3223xmhi2u_640_360_8.jpg/0"]
    }, {
        "id": "4675162046525174944",
        "pic": "https://puui.qpic.cn/qqvideo_ori/0/a32224l2rad_496_280/0",
        "title": "【英雄联盟】2021情人节皮肤PBE预览",
        "playTimes": "4661次播放",
        "updateTime": "2021-01-22",
        "videoLength": "01:02",
        "background": ["https://puui.qpic.cn/vpic/0/a32224l2rad_640_360_1.jpg/0", "https://puui.qpic.cn/vpic/0/a32224l2rad_640_360_2.jpg/0", "https://puui.qpic.cn/vpic/0/a32224l2rad_640_360_3.jpg/0", "https://puui.qpic.cn/vpic/0/a32224l2rad_640_360_4.jpg/0", "https://puui.qpic.cn/vpic/0/a32224l2rad_640_360_5.jpg/0", "https://puui.qpic.cn/vpic/0/a32224l2rad_640_360_6.jpg/0", "https://puui.qpic.cn/vpic/0/a32224l2rad_640_360_7.jpg/0", "https://puui.qpic.cn/vpic/0/a32224l2rad_640_360_8.jpg/0"]
    }, {
        "id": "286045709020950843",
        "pic": "https://puui.qpic.cn/qqvideo_ori/0/a32225keyy7_496_280/0",
        "title": "【英雄联盟】福牛守护者 PBE皮肤预览",
        "playTimes": "4253次播放",
        "updateTime": "2021-01-22",
        "videoLength": "02:03",
        "background": ["https://puui.qpic.cn/vpic/0/a32225keyy7_640_360_1.jpg/0", "https://puui.qpic.cn/vpic/0/a32225keyy7_640_360_2.jpg/0", "https://puui.qpic.cn/vpic/0/a32225keyy7_640_360_3.jpg/0", "https://puui.qpic.cn/vpic/0/a32225keyy7_640_360_4.jpg/0", "https://puui.qpic.cn/vpic/0/a32225keyy7_640_360_5.jpg/0", "https://puui.qpic.cn/vpic/0/a32225keyy7_640_360_6.jpg/0", "https://puui.qpic.cn/vpic/0/a32225keyy7_640_360_7.jpg/0", "https://puui.qpic.cn/vpic/0/a32225keyy7_640_360_8.jpg/0"]
    }, {
        "id": "13090023224538143199",
        "pic": "https://puui.qpic.cn/qqvideo_ori/0/c3223yg7ffu_496_280/0",
        "title": "王刃所向 军团所往",
        "playTimes": "2889次播放",
        "updateTime": "2021-01-22",
        "videoLength": "02:13"
    }, {
        "id": "7752585005848544088",
        "pic": "https://puui.qpic.cn/qqvideo_ori/0/h3219ze106h_496_280/0",
        "title": "展望2021拳头电竞赛事 S11将继续落地中国",
        "playTimes": "1.7万次播放",
        "updateTime": "2021-01-09",
        "videoLength": "03:06",
        "background": ["https://puui.qpic.cn/vpic/0/h3219ze106h_640_360_1.jpg/0", "https://puui.qpic.cn/vpic/0/h3219ze106h_640_360_2.jpg/0", "https://puui.qpic.cn/vpic/0/h3219ze106h_640_360_3.jpg/0", "https://puui.qpic.cn/vpic/0/h3219ze106h_640_360_4.jpg/0", "https://puui.qpic.cn/vpic/0/h3219ze106h_640_360_5.jpg/0", "https://puui.qpic.cn/vpic/0/h3219ze106h_640_360_6.jpg/0", "https://puui.qpic.cn/vpic/0/h3219ze106h_640_360_7.jpg/0", "https://puui.qpic.cn/vpic/0/h3219ze106h_640_360_8.jpg/0"]
    }, {
        "id": "8360154687500634165",
        "pic": "https://puui.qpic.cn/qqvideo_ori/0/e3219zdm8ze_496_280/0",
        "title": "2021赛季英雄",
        "playTimes": "13.6万次播放",
        "updateTime": "2021-01-09",
        "videoLength": "04:55",
        "background": ["https://puui.qpic.cn/vpic/0/e3219zdm8ze_640_360_1.jpg/0", "https://puui.qpic.cn/vpic/0/e3219zdm8ze_640_360_2.jpg/0", "https://puui.qpic.cn/vpic/0/e3219zdm8ze_640_360_3.jpg/0", "https://puui.qpic.cn/vpic/0/e3219zdm8ze_640_360_4.jpg/0", "https://puui.qpic.cn/vpic/0/e3219zdm8ze_640_360_5.jpg/0", "https://puui.qpic.cn/vpic/0/e3219zdm8ze_640_360_6.jpg/0", "https://puui.qpic.cn/vpic/0/e3219zdm8ze_640_360_7.jpg/0", "https://puui.qpic.cn/vpic/0/e3219zdm8ze_640_360_8.jpg/0"]
    }, {
        "id": "3260768567133583272",
        "pic": "https://puui.qpic.cn/qqvideo_ori/0/f3219iio359_496_280/0",
        "title": "2021赛季皮肤与事件",
        "playTimes": "21.3万次播放",
        "updateTime": "2021-01-09",
        "videoLength": "05:27",
        "background": ["https://puui.qpic.cn/vpic/0/f3219iio359_640_360_1.jpg/0", "https://puui.qpic.cn/vpic/0/f3219iio359_640_360_2.jpg/0", "https://puui.qpic.cn/vpic/0/f3219iio359_640_360_3.jpg/0", "https://puui.qpic.cn/vpic/0/f3219iio359_640_360_4.jpg/0", "https://puui.qpic.cn/vpic/0/f3219iio359_640_360_5.jpg/0", "https://puui.qpic.cn/vpic/0/f3219iio359_640_360_6.jpg/0", "https://puui.qpic.cn/vpic/0/f3219iio359_640_360_7.jpg/0", "https://puui.qpic.cn/vpic/0/f3219iio359_640_360_8.jpg/0"]
    }]
}, {
    "name": "娱乐",
    "data": [{
        "id": "9648995235349559501",
        "pic": "https://puui.qpic.cn/qqvideo_ori/0/c32236i0hpl_496_280/0",
        "title": "神超：卧龙(皎月)凤雏(霞),得一者可安天下。天选皎月？我吃了！",
        "playTimes": "62次播放",
        "updateTime": "8小时前",
        "videoLength": "20:18",
        "background": ["https://puui.qpic.cn/vpic/0/c32236i0hpl_640_360_1.jpg/0", "https://puui.qpic.cn/vpic/0/c32236i0hpl_640_360_2.jpg/0", "https://puui.qpic.cn/vpic/0/c32236i0hpl_640_360_3.jpg/0", "https://puui.qpic.cn/vpic/0/c32236i0hpl_640_360_4.jpg/0", "https://puui.qpic.cn/vpic/0/c32236i0hpl_640_360_5.jpg/0", "https://puui.qpic.cn/vpic/0/c32236i0hpl_640_360_6.jpg/0", "https://puui.qpic.cn/vpic/0/c32236i0hpl_640_360_7.jpg/0", "https://puui.qpic.cn/vpic/0/c32236i0hpl_640_360_8.jpg/0"]
    }, {
        "id": "2417762040042612316",
        "pic": "https://puui.qpic.cn/qqvideo_ori/0/u32232uuxqu_496_280/0",
        "title": "神超：劲夫！八斗的救世主！你永远可以相信送一劲！",
        "playTimes": "113次播放",
        "updateTime": "8小时前",
        "videoLength": "19:16",
        "background": ["https://puui.qpic.cn/vpic/0/u32232uuxqu_640_360_1.jpg/0", "https://puui.qpic.cn/vpic/0/u32232uuxqu_640_360_2.jpg/0", "https://puui.qpic.cn/vpic/0/u32232uuxqu_640_360_3.jpg/0", "https://puui.qpic.cn/vpic/0/u32232uuxqu_640_360_4.jpg/0", "https://puui.qpic.cn/vpic/0/u32232uuxqu_640_360_5.jpg/0", "https://puui.qpic.cn/vpic/0/u32232uuxqu_640_360_6.jpg/0", "https://puui.qpic.cn/vpic/0/u32232uuxqu_640_360_7.jpg/0", "https://puui.qpic.cn/vpic/0/u32232uuxqu_640_360_8.jpg/0"]
    }, {
        "id": "7881550299930218634",
        "pic": "https://puui.qpic.cn/qqvideo_ori/0/g322377brtc_496_280/0",
        "title": "神超:魔龙降世一瞬间,黑云压城渐变天.乌鹊索尔力无边,不知其主仙",
        "playTimes": "126次播放",
        "updateTime": "8小时前",
        "videoLength": "19:04",
        "background": ["https://puui.qpic.cn/vpic/0/g322377brtc_640_360_1.jpg/0", "https://puui.qpic.cn/vpic/0/g322377brtc_640_360_2.jpg/0", "https://puui.qpic.cn/vpic/0/g322377brtc_640_360_3.jpg/0", "https://puui.qpic.cn/vpic/0/g322377brtc_640_360_4.jpg/0", "https://puui.qpic.cn/vpic/0/g322377brtc_640_360_5.jpg/0", "https://puui.qpic.cn/vpic/0/g322377brtc_640_360_6.jpg/0", "https://puui.qpic.cn/vpic/0/g322377brtc_640_360_7.jpg/0", "https://puui.qpic.cn/vpic/0/g322377brtc_640_360_8.jpg/0"]
    }, {
        "id": "5182021854061854880",
        "pic": "https://puui.qpic.cn/qqvideo_ori/0/m3223g4caqd_496_280/0",
        "title": "神超：铁布衫盲僧北腿显神威，上单天使别送我来C！",
        "playTimes": "52次播放",
        "updateTime": "8小时前",
        "videoLength": "17:28",
        "background": ["https://puui.qpic.cn/vpic/0/m3223g4caqd_640_360_1.jpg/0", "https://puui.qpic.cn/vpic/0/m3223g4caqd_640_360_2.jpg/0", "https://puui.qpic.cn/vpic/0/m3223g4caqd_640_360_3.jpg/0", "https://puui.qpic.cn/vpic/0/m3223g4caqd_640_360_4.jpg/0", "https://puui.qpic.cn/vpic/0/m3223g4caqd_640_360_5.jpg/0", "https://puui.qpic.cn/vpic/0/m3223g4caqd_640_360_6.jpg/0", "https://puui.qpic.cn/vpic/0/m3223g4caqd_640_360_7.jpg/0", "https://puui.qpic.cn/vpic/0/m3223g4caqd_640_360_8.jpg/0"]
    }, {
        "id": "12071183661091853742",
        "pic": "https://puui.qpic.cn/qqvideo_ori/0/k3224uh3ll0_496_280/0",
        "title": "神超:锁血啦!进场啦!收割啦!被一个大残血反杀六个，会不会玩？",
        "playTimes": "57次播放",
        "updateTime": "8小时前",
        "videoLength": "23:14",
        "background": ["https://puui.qpic.cn/vpic/0/k3224uh3ll0_640_360_1.jpg/0", "https://puui.qpic.cn/vpic/0/k3224uh3ll0_640_360_2.jpg/0", "https://puui.qpic.cn/vpic/0/k3224uh3ll0_640_360_3.jpg/0", "https://puui.qpic.cn/vpic/0/k3224uh3ll0_640_360_4.jpg/0", "https://puui.qpic.cn/vpic/0/k3224uh3ll0_640_360_5.jpg/0", "https://puui.qpic.cn/vpic/0/k3224uh3ll0_640_360_6.jpg/0", "https://puui.qpic.cn/vpic/0/k3224uh3ll0_640_360_7.jpg/0", "https://puui.qpic.cn/vpic/0/k3224uh3ll0_640_360_8.jpg/0"]
    }, {
        "id": "15516208244699727078",
        "pic": "https://puui.qpic.cn/qqvideo_ori/0/f32241zadhu_496_280/0",
        "title": "神超:瞎玩拼夕夕轮子妈吃鸡,认真玩的时候把把老三,这游戏我不懂!",
        "playTimes": "85次播放",
        "updateTime": "8小时前",
        "videoLength": "18:22",
        "background": ["https://puui.qpic.cn/vpic/0/f32241zadhu_640_360_1.jpg/0", "https://puui.qpic.cn/vpic/0/f32241zadhu_640_360_2.jpg/0", "https://puui.qpic.cn/vpic/0/f32241zadhu_640_360_3.jpg/0", "https://puui.qpic.cn/vpic/0/f32241zadhu_640_360_4.jpg/0", "https://puui.qpic.cn/vpic/0/f32241zadhu_640_360_5.jpg/0", "https://puui.qpic.cn/vpic/0/f32241zadhu_640_360_6.jpg/0", "https://puui.qpic.cn/vpic/0/f32241zadhu_640_360_7.jpg/0", "https://puui.qpic.cn/vpic/0/f32241zadhu_640_360_8.jpg/0"]
    }, {
        "id": "17944101556651743658",
        "pic": "https://puui.qpic.cn/qqvideo_ori/0/u3224lvenx8_496_280/0",
        "title": "神超：反了反了，就凭你一个凡人也敢弑神？！（明昼劫差点翻车）",
        "playTimes": "65次播放",
        "updateTime": "8小时前",
        "videoLength": "23:07",
        "background": ["https://puui.qpic.cn/vpic/0/u3224lvenx8_640_360_1.jpg/0", "https://puui.qpic.cn/vpic/0/u3224lvenx8_640_360_2.jpg/0", "https://puui.qpic.cn/vpic/0/u3224lvenx8_640_360_3.jpg/0", "https://puui.qpic.cn/vpic/0/u3224lvenx8_640_360_4.jpg/0", "https://puui.qpic.cn/vpic/0/u3224lvenx8_640_360_5.jpg/0", "https://puui.qpic.cn/vpic/0/u3224lvenx8_640_360_6.jpg/0", "https://puui.qpic.cn/vpic/0/u3224lvenx8_640_360_7.jpg/0", "https://puui.qpic.cn/vpic/0/u3224lvenx8_640_360_8.jpg/0"]
    }, {
        "id": "8629714761978796052",
        "pic": "https://puui.qpic.cn/qqvideo_ori/0/l32248bw2xf_496_280/0",
        "title": "神超：九森四盾四斗？这确实不是人能玩出来的！",
        "playTimes": "281次播放",
        "updateTime": "8小时前",
        "videoLength": "23:42",
        "background": ["https://puui.qpic.cn/vpic/0/l32248bw2xf_640_360_1.jpg/0", "https://puui.qpic.cn/vpic/0/l32248bw2xf_640_360_2.jpg/0", "https://puui.qpic.cn/vpic/0/l32248bw2xf_640_360_3.jpg/0", "https://puui.qpic.cn/vpic/0/l32248bw2xf_640_360_4.jpg/0", "https://puui.qpic.cn/vpic/0/l32248bw2xf_640_360_5.jpg/0", "https://puui.qpic.cn/vpic/0/l32248bw2xf_640_360_6.jpg/0", "https://puui.qpic.cn/vpic/0/l32248bw2xf_640_360_7.jpg/0", "https://puui.qpic.cn/vpic/0/l32248bw2xf_640_360_8.jpg/0"]
    }]
}, {
    "name": "赛事",
    "data": [{
        "id": "17704685486833412355",
        "pic": "https://puui.qpic.cn/qqvideo_ori/0/a3224izsght_496_280/0",
        "title": "老折磨王了！Theshy奎因直接把鳄鱼打急了",
        "playTimes": "533次播放",
        "updateTime": "9小时前",
        "videoLength": "01:14",
        "background": ["https://puui.qpic.cn/vpic/0/a3224izsght_640_360_1.jpg/0", "https://puui.qpic.cn/vpic/0/a3224izsght_640_360_2.jpg/0", "https://puui.qpic.cn/vpic/0/a3224izsght_640_360_3.jpg/0", "https://puui.qpic.cn/vpic/0/a3224izsght_640_360_4.jpg/0", "https://puui.qpic.cn/vpic/0/a3224izsght_640_360_5.jpg/0", "https://puui.qpic.cn/vpic/0/a3224izsght_640_360_6.jpg/0", "https://puui.qpic.cn/vpic/0/a3224izsght_640_360_7.jpg/0", "https://puui.qpic.cn/vpic/0/a3224izsght_640_360_8.jpg/0"]
    }, {
        "id": "3501085485923425103",
        "pic": "https://img.tgl.qq.com/cover/20210128/c086f75507c5cb0321523d016110a6da_1611847057.jpg",
        "title": "闪现穿墙想逃？不存在的，Angel沙皇操作细腻，拿下双杀",
        "playTimes": "458次播放",
        "updateTime": "9小时前",
        "videoLength": "00:37",
        "background": ["https://puui.qpic.cn/vpic/0/a3224yqwl7l_640_360_1.jpg/0", "https://puui.qpic.cn/vpic/0/a3224yqwl7l_640_360_2.jpg/0", "https://puui.qpic.cn/vpic/0/a3224yqwl7l_640_360_3.jpg/0", "https://puui.qpic.cn/vpic/0/a3224yqwl7l_640_360_4.jpg/0", "https://puui.qpic.cn/vpic/0/a3224yqwl7l_640_360_5.jpg/0", "https://puui.qpic.cn/vpic/0/a3224yqwl7l_640_360_6.jpg/0", "https://puui.qpic.cn/vpic/0/a3224yqwl7l_640_360_7.jpg/0", "https://puui.qpic.cn/vpic/0/a3224yqwl7l_640_360_8.jpg/0"]
    }, {
        "id": "11560837888073686018",
        "pic": "https://img.tgl.qq.com/cover/20210128/6c5a2f05bdf19f744bb0fa2035e7963d_1611845041.jpg",
        "title": "速看LPL春季常规赛第4周D4 OMG vs SN精彩集锦",
        "playTimes": "438次播放",
        "updateTime": "9小时前",
        "videoLength": "12:44"
    }, {
        "id": "903368224926441552",
        "pic": "https://img.tgl.qq.com/cover/20210128/520be1928f9602880d5448629afd9bd1_1611842844.jpg",
        "title": "速看LPL春季常规赛第4周D4 LGD vs BLG精彩集锦",
        "playTimes": "263次播放",
        "updateTime": "9小时前",
        "videoLength": "13:02"
    }, {
        "id": "8964033913272862345",
        "pic": "https://img.tgl.qq.com/cover/20210128/8541bf8b062eea121e17ad4f3b796315_1611842795.png",
        "title": "[2021LPL春季赛]【OMG vs.SN】第二场集锦",
        "playTimes": "487次播放",
        "updateTime": "9小时前",
        "videoLength": "08:11",
        "background": ["https://puui.qpic.cn/vpic/0/m3224keh298_640_360_1.jpg/0", "https://puui.qpic.cn/vpic/0/m3224keh298_640_360_2.jpg/0", "https://puui.qpic.cn/vpic/0/m3224keh298_640_360_3.jpg/0", "https://puui.qpic.cn/vpic/0/m3224keh298_640_360_4.jpg/0", "https://puui.qpic.cn/vpic/0/m3224keh298_640_360_5.jpg/0", "https://puui.qpic.cn/vpic/0/m3224keh298_640_360_6.jpg/0", "https://puui.qpic.cn/vpic/0/m3224keh298_640_360_7.jpg/0", "https://puui.qpic.cn/vpic/0/m3224keh298_640_360_8.jpg/0"]
    }, {
        "id": "7799956073906019682",
        "pic": "https://img.tgl.qq.com/cover/20210128/bbd11aaa4c8c08436b1c6f5596a1ab46_1611842231.jpg",
        "title": "秀秀秀！ANGEL沙皇怒拿五杀！",
        "playTimes": "340次播放",
        "updateTime": "9小时前",
        "videoLength": "00:25",
        "background": ["https://puui.qpic.cn/vpic/0/z322427198b_640_360_1.jpg/0", "https://puui.qpic.cn/vpic/0/z322427198b_640_360_2.jpg/0", "https://puui.qpic.cn/vpic/0/z322427198b_640_360_3.jpg/0", "https://puui.qpic.cn/vpic/0/z322427198b_640_360_4.jpg/0", "https://puui.qpic.cn/vpic/0/z322427198b_640_360_5.jpg/0", "https://puui.qpic.cn/vpic/0/z322427198b_640_360_6.jpg/0", "https://puui.qpic.cn/vpic/0/z322427198b_640_360_7.jpg/0", "https://puui.qpic.cn/vpic/0/z322427198b_640_360_8.jpg/0"]
    }, {
        "id": "17638374706993721303",
        "pic": "https://puui.qpic.cn/qqvideo_ori/0/d322498qsmf_496_280/0",
        "title": "LPL梦回S7 御三家不败金身占据榜首",
        "playTimes": "137次播放",
        "updateTime": "10小时前",
        "videoLength": "01:30",
        "background": ["https://puui.qpic.cn/vpic/0/d322498qsmf_640_360_1.jpg/0", "https://puui.qpic.cn/vpic/0/d322498qsmf_640_360_2.jpg/0", "https://puui.qpic.cn/vpic/0/d322498qsmf_640_360_3.jpg/0", "https://puui.qpic.cn/vpic/0/d322498qsmf_640_360_4.jpg/0", "https://puui.qpic.cn/vpic/0/d322498qsmf_640_360_5.jpg/0", "https://puui.qpic.cn/vpic/0/d322498qsmf_640_360_6.jpg/0", "https://puui.qpic.cn/vpic/0/d322498qsmf_640_360_7.jpg/0", "https://puui.qpic.cn/vpic/0/d322498qsmf_640_360_8.jpg/0"]
    }, {
        "id": "17680695516672616410",
        "pic": "https://puui.qpic.cn/qqvideo_ori/0/w3224ns5x8s_496_280/0",
        "title": "2021职业联赛春季赛：Aiming厄斐琉斯 稳定发挥Carry全场",
        "playTimes": "291次播放",
        "updateTime": "11小时前",
        "videoLength": "05:43"
    }]
}, {
    "name": "云顶之弈",
    "new": true,
    "data": [{
        "id": "17440394396202297911",
        "pic": "https://puui.qpic.cn/qqvideo_ori/0/e3224smyfwm_496_280/0",
        "title": "云顶之弈S4：6战神全员三星，爆肝6天140场，终于成功了！",
        "playTimes": "599次播放",
        "updateTime": "11小时前",
        "videoLength": "07:16",
        "background": ["https://puui.qpic.cn/vpic/0/e3224smyfwm_640_360_1.jpg/0", "https://puui.qpic.cn/vpic/0/e3224smyfwm_640_360_2.jpg/0", "https://puui.qpic.cn/vpic/0/e3224smyfwm_640_360_3.jpg/0", "https://puui.qpic.cn/vpic/0/e3224smyfwm_640_360_4.jpg/0", "https://puui.qpic.cn/vpic/0/e3224smyfwm_640_360_5.jpg/0", "https://puui.qpic.cn/vpic/0/e3224smyfwm_640_360_6.jpg/0", "https://puui.qpic.cn/vpic/0/e3224smyfwm_640_360_7.jpg/0", "https://puui.qpic.cn/vpic/0/e3224smyfwm_640_360_8.jpg/0"]
    }, {
        "id": "12101682320736389841",
        "pic": "https://puui.qpic.cn/qqvideo_ori/0/x3224wq1579_496_280/0",
        "title": "云顶之弈：S4.5最强三费卡诞生，法爆诺手十连斩！",
        "playTimes": "899次播放",
        "updateTime": "17小时前",
        "videoLength": "01:08",
        "background": ["https://puui.qpic.cn/vpic/0/x3224wq1579_640_360_1.jpg/0", "https://puui.qpic.cn/vpic/0/x3224wq1579_640_360_2.jpg/0", "https://puui.qpic.cn/vpic/0/x3224wq1579_640_360_3.jpg/0", "https://puui.qpic.cn/vpic/0/x3224wq1579_640_360_4.jpg/0", "https://puui.qpic.cn/vpic/0/x3224wq1579_640_360_5.jpg/0", "https://puui.qpic.cn/vpic/0/x3224wq1579_640_360_6.jpg/0", "https://puui.qpic.cn/vpic/0/x3224wq1579_640_360_7.jpg/0", "https://puui.qpic.cn/vpic/0/x3224wq1579_640_360_8.jpg/0"]
    }, {
        "id": "14487112749481568214",
        "pic": "https://img.tgl.qq.com/cover/20210128/9a5c519613476fd6822ef91635f23b61_1611815947.png",
        "title": "云顶之弈：当二星天使达到5.0攻速，对手都被扇懵了！",
        "playTimes": "1336次播放",
        "updateTime": "17小时前",
        "videoLength": "01:08",
        "background": ["https://puui.qpic.cn/vpic/0/t3224m4a6jp_640_360_1.jpg/0", "https://puui.qpic.cn/vpic/0/t3224m4a6jp_640_360_2.jpg/0", "https://puui.qpic.cn/vpic/0/t3224m4a6jp_640_360_3.jpg/0", "https://puui.qpic.cn/vpic/0/t3224m4a6jp_640_360_4.jpg/0", "https://puui.qpic.cn/vpic/0/t3224m4a6jp_640_360_5.jpg/0", "https://puui.qpic.cn/vpic/0/t3224m4a6jp_640_360_6.jpg/0", "https://puui.qpic.cn/vpic/0/t3224m4a6jp_640_360_7.jpg/0", "https://puui.qpic.cn/vpic/0/t3224m4a6jp_640_360_8.jpg/0"]
    }, {
        "id": "13285416159861788865",
        "pic": "https://img.tgl.qq.com/cover/20210128/5b1a0662eddb6236608d664617c1378e_1611770485.png",
        "title": "云顶之弈S4.5，天选3星弗拉基米尔，给3个圣杯屈才了呀",
        "playTimes": "1917次播放",
        "updateTime": "19小时前",
        "videoLength": "03:29",
        "background": ["https://puui.qpic.cn/vpic/0/h3224yq1y97_640_360_1.jpg/0", "https://puui.qpic.cn/vpic/0/h3224yq1y97_640_360_2.jpg/0", "https://puui.qpic.cn/vpic/0/h3224yq1y97_640_360_3.jpg/0", "https://puui.qpic.cn/vpic/0/h3224yq1y97_640_360_4.jpg/0", "https://puui.qpic.cn/vpic/0/h3224yq1y97_640_360_5.jpg/0", "https://puui.qpic.cn/vpic/0/h3224yq1y97_640_360_6.jpg/0", "https://puui.qpic.cn/vpic/0/h3224yq1y97_640_360_7.jpg/0", "https://puui.qpic.cn/vpic/0/h3224yq1y97_640_360_8.jpg/0"]
    }, {
        "id": "5560433163824841012",
        "pic": "https://img.tgl.qq.com/cover/20210128/51b0565785b8f0ea8cce3bd667b2f21a_1611814569.jpg",
        "title": "云顶手书：新春打新铁 舞狮怒角冲第一",
        "playTimes": "2923次播放",
        "updateTime": "20小时前",
        "videoLength": "01:54"
    }, {
        "id": "5707250333551785124",
        "pic": "https://img.tgl.qq.com/cover/20210128/479ec0bdafeb9218ffc48236d69e173e_1611812134.png",
        "title": "SSS级阵容天使重回T0！旧神崛起，轻松上分不是梦",
        "playTimes": "3.6万次播放",
        "updateTime": "20小时前",
        "videoLength": "05:27",
        "background": ["https://puui.qpic.cn/vpic/0/o3224279p0y_640_360_1.jpg/0", "https://puui.qpic.cn/vpic/0/o3224279p0y_640_360_2.jpg/0", "https://puui.qpic.cn/vpic/0/o3224279p0y_640_360_3.jpg/0", "https://puui.qpic.cn/vpic/0/o3224279p0y_640_360_4.jpg/0", "https://puui.qpic.cn/vpic/0/o3224279p0y_640_360_5.jpg/0", "https://puui.qpic.cn/vpic/0/o3224279p0y_640_360_6.jpg/0", "https://puui.qpic.cn/vpic/0/o3224279p0y_640_360_7.jpg/0", "https://puui.qpic.cn/vpic/0/o3224279p0y_640_360_8.jpg/0"]
    }, {
        "id": "9762645773499217896",
        "pic": "https://img.tgl.qq.com/cover/20210128/df216c2efd7bfafcd754dfa1c6c37aa7_1611809921.png",
        "title": "云顶之弈S4.5：空城明昼劫卷土重来！王者细节站位教学！",
        "playTimes": "6596次播放",
        "updateTime": "20小时前",
        "videoLength": "05:06",
        "background": ["https://puui.qpic.cn/vpic/0/l3224g0cr17_640_360_1.jpg/0", "https://puui.qpic.cn/vpic/0/l3224g0cr17_640_360_2.jpg/0", "https://puui.qpic.cn/vpic/0/l3224g0cr17_640_360_3.jpg/0", "https://puui.qpic.cn/vpic/0/l3224g0cr17_640_360_4.jpg/0", "https://puui.qpic.cn/vpic/0/l3224g0cr17_640_360_5.jpg/0", "https://puui.qpic.cn/vpic/0/l3224g0cr17_640_360_6.jpg/0", "https://puui.qpic.cn/vpic/0/l3224g0cr17_640_360_7.jpg/0", "https://puui.qpic.cn/vpic/0/l3224g0cr17_640_360_8.jpg/0"]
    }, {
        "id": "2994893253407942905",
        "pic": "https://img.tgl.qq.com/cover/20210127/22cad64ef433a12e734900d93714e5cb_1611738507.png",
        "title": "云顶之弈明昼刺客怎么玩？看完这个你就会了！",
        "playTimes": "1402次播放",
        "updateTime": "2021-01-27",
        "videoLength": "01:10",
        "background": ["https://puui.qpic.cn/vpic/0/w3224mq2iog_640_360_1.jpg/0", "https://puui.qpic.cn/vpic/0/w3224mq2iog_640_360_2.jpg/0", "https://puui.qpic.cn/vpic/0/w3224mq2iog_640_360_3.jpg/0", "https://puui.qpic.cn/vpic/0/w3224mq2iog_640_360_4.jpg/0", "https://puui.qpic.cn/vpic/0/w3224mq2iog_640_360_5.jpg/0", "https://puui.qpic.cn/vpic/0/w3224mq2iog_640_360_6.jpg/0", "https://puui.qpic.cn/vpic/0/w3224mq2iog_640_360_7.jpg/0", "https://puui.qpic.cn/vpic/0/w3224mq2iog_640_360_8.jpg/0"]
    }]
}, {
    "name": "教学",
    "data": [{
        "id": "15785251185830606869",
        "pic": "https://puui.qpic.cn/vpic/0/b3224akdh2y.png/0",
        "title": "Miss排位日记第622期 新英雄破败之王！星蚀佛耶戈",
        "playTimes": "2.9万次播放",
        "updateTime": "13小时前",
        "videoLength": "16:57"
    }, {
        "id": "10884206518991780603",
        "pic": "https://img.tgl.qq.com/cover/20210128/afa83d8e0d2703ead7701dfe249fe88c_1611806913.jpg",
        "title": "破败之王大神怎么玩？以彼之技攻彼之友！",
        "playTimes": "1330次播放",
        "updateTime": "17小时前",
        "videoLength": "01:57",
        "background": ["https://puui.qpic.cn/vpic/0/a32249u01am_640_360_1.jpg/0", "https://puui.qpic.cn/vpic/0/a32249u01am_640_360_2.jpg/0", "https://puui.qpic.cn/vpic/0/a32249u01am_640_360_3.jpg/0", "https://puui.qpic.cn/vpic/0/a32249u01am_640_360_4.jpg/0", "https://puui.qpic.cn/vpic/0/a32249u01am_640_360_5.jpg/0", "https://puui.qpic.cn/vpic/0/a32249u01am_640_360_6.jpg/0", "https://puui.qpic.cn/vpic/0/a32249u01am_640_360_7.jpg/0", "https://puui.qpic.cn/vpic/0/a32249u01am_640_360_8.jpg/0"]
    }, {
        "id": "9864147045083177471",
        "pic": "https://puui.qpic.cn/vpic/0/h3224bwwm7z.png/0",
        "title": "11.2版本答案：乌迪尔职业选手秘传连招，跑跑流GANK细节",
        "playTimes": "13.6万次播放",
        "updateTime": "17小时前",
        "videoLength": "09:12"
    }, {
        "id": "16712772557785549302",
        "pic": "https://img.tgl.qq.com/cover/20210128/7956143503729ed488dc40985edab939_1611815216.jpg",
        "title": "超神解说：虚空行者卡萨丁 必学的10种技巧 秒杀脆皮",
        "playTimes": "9007次播放",
        "updateTime": "19小时前",
        "videoLength": "08:19"
    }, {
        "id": "5707250333551785124",
        "pic": "https://img.tgl.qq.com/cover/20210128/479ec0bdafeb9218ffc48236d69e173e_1611812134.png",
        "title": "SSS级阵容天使重回T0！旧神崛起，轻松上分不是梦",
        "playTimes": "3.6万次播放",
        "updateTime": "20小时前",
        "videoLength": "05:27",
        "background": ["https://puui.qpic.cn/vpic/0/o3224279p0y_640_360_1.jpg/0", "https://puui.qpic.cn/vpic/0/o3224279p0y_640_360_2.jpg/0", "https://puui.qpic.cn/vpic/0/o3224279p0y_640_360_3.jpg/0", "https://puui.qpic.cn/vpic/0/o3224279p0y_640_360_4.jpg/0", "https://puui.qpic.cn/vpic/0/o3224279p0y_640_360_5.jpg/0", "https://puui.qpic.cn/vpic/0/o3224279p0y_640_360_6.jpg/0", "https://puui.qpic.cn/vpic/0/o3224279p0y_640_360_7.jpg/0", "https://puui.qpic.cn/vpic/0/o3224279p0y_640_360_8.jpg/0"]
    }, {
        "id": "2601745207573083927",
        "pic": "https://img.tgl.qq.com/cover/20210128/79119b92569d7e1055d13d8d7b61bafc_1611811636.png",
        "title": "【LOL理论】从无兵走位 到对线压制与意识",
        "playTimes": "2.5万次播放",
        "updateTime": "20小时前",
        "videoLength": "10:53",
        "background": ["https://puui.qpic.cn/vpic/0/i3224g2oz6g_640_360_1.jpg/0", "https://puui.qpic.cn/vpic/0/i3224g2oz6g_640_360_2.jpg/0", "https://puui.qpic.cn/vpic/0/i3224g2oz6g_640_360_3.jpg/0", "https://puui.qpic.cn/vpic/0/i3224g2oz6g_640_360_4.jpg/0", "https://puui.qpic.cn/vpic/0/i3224g2oz6g_640_360_5.jpg/0", "https://puui.qpic.cn/vpic/0/i3224g2oz6g_640_360_6.jpg/0", "https://puui.qpic.cn/vpic/0/i3224g2oz6g_640_360_7.jpg/0", "https://puui.qpic.cn/vpic/0/i3224g2oz6g_640_360_8.jpg/0"]
    }, {
        "id": "16781677013192122693",
        "pic": "https://img.tgl.qq.com/cover/20210128/39f556172f6b9b78d1d0ede9fae41f4d_1611807624.png",
        "title": "水晶玫瑰斯维因炫彩皮肤新增特效！扔出的花终于也会变色了",
        "playTimes": "502次播放",
        "updateTime": "21小时前",
        "videoLength": "05:28",
        "background": ["https://puui.qpic.cn/vpic/0/a3224qfiu14_640_360_1.jpg/0", "https://puui.qpic.cn/vpic/0/a3224qfiu14_640_360_2.jpg/0", "https://puui.qpic.cn/vpic/0/a3224qfiu14_640_360_3.jpg/0", "https://puui.qpic.cn/vpic/0/a3224qfiu14_640_360_4.jpg/0", "https://puui.qpic.cn/vpic/0/a3224qfiu14_640_360_5.jpg/0", "https://puui.qpic.cn/vpic/0/a3224qfiu14_640_360_6.jpg/0", "https://puui.qpic.cn/vpic/0/a3224qfiu14_640_360_7.jpg/0", "https://puui.qpic.cn/vpic/0/a3224qfiu14_640_360_8.jpg/0"]
    }, {
        "id": "5601825156639535292",
        "pic": "https://puui.qpic.cn/qqvideo_ori/0/s3224sw74lw_496_280/0",
        "title": "完克中单亚索的英雄，从伤害到团队以及对拼能力全方位压制风男！",
        "playTimes": "813次播放",
        "updateTime": "22小时前",
        "videoLength": "01:11",
        "background": ["https://puui.qpic.cn/vpic/0/s3224sw74lw_640_360_1.jpg/0", "https://puui.qpic.cn/vpic/0/s3224sw74lw_640_360_2.jpg/0", "https://puui.qpic.cn/vpic/0/s3224sw74lw_640_360_3.jpg/0", "https://puui.qpic.cn/vpic/0/s3224sw74lw_640_360_4.jpg/0", "https://puui.qpic.cn/vpic/0/s3224sw74lw_640_360_5.jpg/0", "https://puui.qpic.cn/vpic/0/s3224sw74lw_640_360_6.jpg/0", "https://puui.qpic.cn/vpic/0/s3224sw74lw_640_360_7.jpg/0", "https://puui.qpic.cn/vpic/0/s3224sw74lw_640_360_8.jpg/0"]
    }]
}]