[{
    "ranking": "1",
    "club": "EDG",
    "clubLogo": "https://img.crawler.qq.com/lolwebvideo/20180925110059/69d20800d8dad53348ff74ce3d1ab737/0",
    "win": "5/0",
    "score": "5"
}, {
    "ranking": "2",
    "club": "西安WE",
    "clubLogo": "https://img.crawler.qq.com/lolwebvideo/201712250188/69671596f47d00853d23848ed34bc278/0",
    "win": "5/0",
    "score": "5"
}, {
    "ranking": "3",
    "club": "RNG",
    "clubLogo": "https://img.crawler.qq.com/lolwebvideo/20180925105909/296e9851a4a4ad7d170a6b103006d045/0",
    "win": "4/0",
    "score": "4"
}, {
    "ranking": "4",
    "club": "FPX",
    "clubLogo": "https://img.crawler.qq.com/lolwebvideo/20190908174443/f40e23c19e85c9b3c50a3ed36e84ff41/0",
    "win": "4/1",
    "score": "4"
}, {
    "ranking": "5",
    "club": "苏州LNG",
    "clubLogo": "https://img.crawler.qq.com/lolwebvideo/20190523092402/2810b9519c64ef7cbcdb9a6cb981798d/0",
    "win": "3/1",
    "score": "3"
}, {
    "ranking": "6",
    "club": "IG",
    "clubLogo": "https://img.crawler.qq.com/lolwebvideo/20190424151401/5985071337c7c4a785fbbdd3b8a75ae8/0",
    "win": "3/2",
    "score": "3"
}, {
    "ranking": "7",
    "club": "深圳V5",
    "clubLogo": "https://img.crawler.qq.com/lolwebvideo/20181224214105/448aac8501e04a27db7594cb1f441c17/0",
    "win": "3/2",
    "score": "3"
}, {
    "ranking": "8",
    "club": "BLG",
    "clubLogo": "https://img.crawler.qq.com/lolwebvideo/20190124200637/8064b602192b33ef59101501e69bf15e/0",
    "win": "3/3",
    "score": "3"
}, {
    "ranking": "9",
    "club": "TES",
    "clubLogo": "https://img.crawler.qq.com/lolwebvideo/20190527161755/35a13fdc75e5fb0b047de7a9bf670463/0",
    "win": "2/2",
    "score": "2"
}, {
    "ranking": "10",
    "club": "北京JDG",
    "clubLogo": "https://img.crawler.qq.com/lolwebvideo/20190523093050/f63d37cbc3810f2f9e8fb5688dd40254/0",
    "win": "2/2",
    "score": "2"
}, {
    "ranking": "11",
    "club": "SN",
    "clubLogo": "https://img.crawler.qq.com/lolwebvideo/20190523093521/b753e24c05cc53123ce5fa3f3a19162f/0",
    "win": "2/3",
    "score": "2"
}, {
    "ranking": "12",
    "club": "ES",
    "clubLogo": "https://img.crawler.qq.com/lolwebvideo/20191231162703/32922a2abc9923fddfffed0c55ad7025/0",
    "win": "2/3",
    "score": "2"
}, {
    "ranking": "13",
    "club": "RA",
    "clubLogo": "https://img.crawler.qq.com/lolwebvideo/20210104095929/2f3a34a9fb66e22f64595f2c4a43eecf/0",
    "win": "1/3",
    "score": "1"
}, {
    "ranking": "14",
    "club": "RW",
    "clubLogo": "https://img.crawler.qq.com/lolwebvideo/20191219183242/2dfd89057429b22ca94b6d4f5b688f2e/0",
    "win": "1/5",
    "score": "1"
}, {
    "ranking": "15",
    "club": "杭州LGD",
    "clubLogo": "https://img.crawler.qq.com/lolwebvideo/20210109181904/0d8c3963b36b2516ccf669b34a3bfc23/0",
    "win": "0/4",
    "score": "0"
}, {
    "ranking": "16",
    "club": "TT",
    "clubLogo": "https://img.crawler.qq.com/lolwebvideo/20201210152623/0f0fb4018317e1debb9a61b4072ce24d/0",
    "win": "0/4",
    "score": "0"
}, {
    "ranking": "17",
    "club": "OMG",
    "clubLogo": "https://img.crawler.qq.com/lolwebvideo/20210106161237/bafc101b6a9064be21b83d50b149bb37/0",
    "win": "0/5",
    "score": "0"
}]