[{
    "skin": "光明&amp;黑暗 骑士",
    "pic": "https://img.crawler.qq.com/lolwebschool/0/JAutoCMS_LOLWeb_bcac469061d55d3be83e6ec2bfab55fc/0",
    "href": "https://lol.qq.com/act/a20210108WardenandMarauder/index.html"
}, {
    "skin": "女帝",
    "pic": "https://img.crawler.qq.com/lolwebschool/0/JAutoCMS_LOLWeb_c912b0e7052880fdd0d2003e308795f4/0",
    "href": "https://lol.qq.com/act/a20201211battlequeen/index.html"
}, {
    "skin": "永恒之森",
    "pic": "https://img.crawler.qq.com/lolwebschool/0/JAutoCMS_LOLWeb_0eea666f3600e161db82b736654612a5/0",
    "href": "https://lol.qq.com/act/a20201211elderwood/index.html?e_code=500135"
}, {
    "skin": "星界",
    "pic": "https://img.crawler.qq.com/lolwebschool/0/JAutoCMS_LOLWeb_811ec7ef21b4ecf792761998df307074/0",
    "href": "https://lol.qq.com/act/a20201126cosmic/index.html"
}, {
    "skin": "抵抗军VS战地机甲",
    "pic": "https://img.crawler.qq.com/lolwebschool/0/JAutoCMS_LOLWeb_c069cb415acfaede4e07f0b8b61a6ef3/0",
    "href": "https://lol.qq.com/act/a20201113resistance/index.html?e_code=443433"
}, {
    "skin": "K/DA ALL OUT",
    "pic": "https://img.crawler.qq.com/lolwebschool/0/JAutoCMS_LOLWeb_5bcf40897dd4ec591fe382a769d2cbca/0",
    "href": "https://lol.qq.com/act/a20201030kda/index.html"
}, {
    "skin": "峡谷传说2020",
    "pic": "https://img.crawler.qq.com/lolwebschool/0/JAutoCMS_LOLWeb_225847e68adde82788f5bba0dc50bdaf/0",
    "href": "https://lol.qq.com/act/a20201023talesfromrift/index.html"
}]