[{
    "name": "瑞兹",
    "href": "/data/info-defail.shtml?id=13",
    "pic": "https://game.gtimg.cn/images/lol/act/img/champion/Ryze.png"
}, {
    "name": "希维尔",
    "href": "/data/info-defail.shtml?id=15",
    "pic": "https://game.gtimg.cn/images/lol/act/img/champion/Sivir.png"
}, {
    "name": "提莫",
    "href": "/data/info-defail.shtml?id=17",
    "pic": "https://game.gtimg.cn/images/lol/act/img/champion/Teemo.png"
}, {
    "name": "努努和威朗普",
    "href": "/data/info-defail.shtml?id=20",
    "pic": "https://game.gtimg.cn/images/lol/act/img/champion/Nunu.png"
}, {
    "name": "厄运小姐",
    "href": "/data/info-defail.shtml?id=21",
    "pic": "https://game.gtimg.cn/images/lol/act/img/champion/MissFortune.png"
}, {
    "name": "艾希",
    "href": "/data/info-defail.shtml?id=22",
    "pic": "https://game.gtimg.cn/images/lol/act/img/champion/Ashe.png"
}, {
    "name": "泰达米尔",
    "href": "/data/info-defail.shtml?id=23",
    "pic": "https://game.gtimg.cn/images/lol/act/img/champion/Tryndamere.png"
}, {
    "name": "卡尔玛",
    "href": "/data/info-defail.shtml?id=43",
    "pic": "https://game.gtimg.cn/images/lol/act/img/champion/Karma.png"
}, {
    "name": "奈德丽",
    "href": "/data/info-defail.shtml?id=76",
    "pic": "https://game.gtimg.cn/images/lol/act/img/champion/Nidalee.png"
}, {
    "name": "潘森",
    "href": "/data/info-defail.shtml?id=80",
    "pic": "https://game.gtimg.cn/images/lol/act/img/champion/Pantheon.png"
}, {
    "name": "盖伦",
    "href": "/data/info-defail.shtml?id=86",
    "pic": "https://game.gtimg.cn/images/lol/act/img/champion/Garen.png"
}, {
    "name": "阿狸",
    "href": "/data/info-defail.shtml?id=103",
    "pic": "https://game.gtimg.cn/images/lol/act/img/champion/Ahri.png"
}, {
    "name": "沃利贝尔",
    "href": "/data/info-defail.shtml?id=106",
    "pic": "https://game.gtimg.cn/images/lol/act/img/champion/Volibear.png"
}, {
    "name": "雷恩加尔",
    "href": "/data/info-defail.shtml?id=107",
    "pic": "https://game.gtimg.cn/images/lol/act/img/champion/Rengar.png"
}, {
    "name": "璐璐",
    "href": "/data/info-defail.shtml?id=117",
    "pic": "https://game.gtimg.cn/images/lol/act/img/champion/Lulu.png"
}, {
    "name": "塔莉垭",
    "href": "/data/info-defail.shtml?id=163",
    "pic": "https://game.gtimg.cn/images/lol/act/img/champion/Taliyah.png"
}, {
    "name": "阿兹尔",
    "href": "/data/info-defail.shtml?id=268",
    "pic": "https://game.gtimg.cn/images/lol/act/img/champion/Azir.png"
}]